Player,Team,G,GS,MP,FG%,3P%,2P%,eFG%,FT%,TRB,AST,STL,BLK,PTS,PER,TS%,DRB%,TRB%,AST%,STL%,BLK%,USG%,OWS,DWS,BPM,VORP,WS,WS/48,Share,W/L%,Seed,Year
Aaron Brooks,HOU,80.0,35.0,25.0,0.404,0.366,0.428,0.476,0.866,2.0,3.0,0.6,0.1,11.2,12.9,0.521,7.0,4.6,20.2,1.2,0.3,22.9,1.4,2.2,-0.9,0.6,3.6,0.086,0.0,.646,5,2009
Aaron Gray,CHI,56.0,18.0,12.8,0.485,0.0,0.488,0.485,0.576,3.9,0.8,0.2,0.3,3.5,11.5,0.508,21.7,17.6,9.6,1.0,1.8,14.5,0.5,0.8,-3.4,-0.2,1.3,0.086,0.0,.500,7,2009
Acie Law,ATL,55.0,1.0,10.2,0.374,0.31,0.391,0.406,0.817,1.1,1.6,0.2,0.1,2.9,10.6,0.49,10.9,6.1,23.4,1.1,0.4,16.3,0.3,0.4,-2.9,-0.1,0.7,0.062,0.0,.573,4,2009
Adam Morrison,LAL,52.0,5.0,13.7,0.359,0.333,0.378,0.43,0.739,1.5,0.8,0.2,0.1,4.0,5.7,0.448,10.6,6.9,9.4,0.7,0.5,17.5,-0.6,0.6,-4.8,-0.5,0.0,0.001,0.0,.793,1,2009
Adonal Foyle,ORL,10.0,0.0,6.2,0.636,0.0,0.636,0.636,0.5,2.6,0.1,0.0,0.8,1.7,19.7,0.623,30.1,23.6,2.6,0.0,9.3,12.4,0.1,0.2,4.0,0.1,0.3,0.212,0.0,.720,3,2009
Al Harrington,NYK,73.0,56.0,34.9,0.439,0.364,0.487,0.509,0.793,6.2,1.4,1.2,0.3,20.1,15.9,0.547,15.8,9.8,6.8,1.7,0.6,25.7,1.9,2.0,-0.2,1.2,3.9,0.073,0.0,.390,14,2009
Al Horford,ATL,67.0,67.0,33.5,0.525,0.0,0.526,0.525,0.727,9.3,2.4,0.8,1.4,11.5,17.0,0.565,25.0,16.3,11.9,1.3,3.3,16.4,3.3,3.5,1.7,2.1,6.8,0.145,0.0,.573,4,2009
Al Jefferson,MIN,50.0,50.0,36.7,0.497,0.0,0.499,0.497,0.738,11.0,1.6,0.8,1.7,23.1,23.1,0.532,24.9,17.5,8.8,1.1,3.5,28.9,2.9,2.0,2.6,2.1,4.9,0.128,0.0,.293,11,2009
Al Thornton,LAC,71.0,67.0,37.4,0.446,0.253,0.462,0.456,0.754,5.2,1.5,0.8,0.9,16.8,12.6,0.502,11.0,8.0,6.9,1.2,1.7,22.6,0.2,1.0,-4.1,-1.4,1.3,0.023,0.0,.232,14,2009
Alando Tucker,PHO,30.0,1.0,9.4,0.43,0.348,0.449,0.463,0.788,1.0,0.4,0.2,0.0,4.6,13.0,0.509,4.8,6.4,6.4,0.9,0.3,23.3,0.2,0.0,-4.2,-0.2,0.2,0.039,0.0,.561,9,2009
Alex Acker,LAC,25.0,0.0,8.0,0.395,0.35,0.411,0.441,0.5,1.0,0.5,0.2,0.2,2.9,10.4,0.448,9.6,7.0,10.2,1.3,1.5,20.1,-0.1,0.1,-3.6,-0.1,0.0,-0.011,0.0,.232,14,2009
Alexis Ajinça,CHO,31.0,4.0,5.9,0.362,0.0,0.373,0.362,0.714,1.0,0.1,0.2,0.2,2.3,7.0,0.43,14.2,10.2,2.8,2.1,2.7,24.2,-0.3,0.3,-7.5,-0.3,-0.1,-0.018,0.0,.427,10,2009
Allen Iverson,DET,57.0,53.0,36.7,0.417,0.283,0.435,0.434,0.781,3.0,5.0,1.5,0.1,17.5,15.8,0.504,8.2,4.9,23.1,2.3,0.2,25.7,0.9,1.9,0.2,1.1,2.9,0.066,0.0,.476,8,2009
Amar'e Stoudemire,PHO,53.0,53.0,36.8,0.539,0.429,0.54,0.541,0.835,8.1,2.0,0.9,1.1,21.4,20.3,0.617,18.1,12.9,8.3,1.3,2.1,24.2,4.6,1.4,1.7,1.8,6.1,0.149,0.0,.561,9,2009
Amir Johnson,DET,62.0,24.0,14.7,0.595,0.0,0.595,0.595,0.657,3.7,0.3,0.3,1.0,3.5,13.5,0.608,17.2,15.1,3.4,1.2,5.1,11.1,1.4,1.3,-1.4,0.1,2.7,0.142,0.0,.476,8,2009
Anderson Varejão,CLE,81.0,42.0,28.5,0.536,0.0,0.538,0.536,0.616,7.2,1.0,0.9,0.8,8.6,14.6,0.565,20.6,15.0,5.4,1.8,2.3,14.2,3.3,4.7,0.6,1.5,8.0,0.166,0.0,.805,1,2009
Andray Blatche,WAS,71.0,36.0,24.0,0.471,0.238,0.479,0.475,0.704,5.3,1.7,0.7,1.0,10.0,15.0,0.508,17.9,13.0,11.8,1.6,3.5,21.9,0.2,1.2,-2.0,0.0,1.4,0.039,0.0,.232,15,2009
Andre Brown,CHO,4.0,0.0,10.2,0.143,0.0,0.143,0.143,1.0,3.0,0.2,0.2,0.0,1.0,-1.5,0.254,15.0,18.1,3.5,1.3,0.0,14.8,-0.2,0.0,-14.2,-0.1,-0.1,-0.122,0.0,.427,10,2009
Andre Iguodala,PHI,82.0,82.0,39.9,0.473,0.307,0.521,0.507,0.724,5.7,5.3,1.6,0.4,18.8,18.4,0.56,14.0,8.6,22.4,2.1,0.9,22.3,5.6,3.5,3.2,4.3,9.2,0.134,0.0,.500,6,2009
Andre Miller,PHI,82.0,82.0,36.3,0.473,0.283,0.483,0.48,0.826,4.5,6.5,1.3,0.2,16.3,18.6,0.548,9.9,7.4,30.2,2.0,0.4,21.8,6.2,2.5,2.4,3.3,8.8,0.141,0.0,.500,6,2009
Andrea Bargnani,TOR,78.0,59.0,31.4,0.45,0.409,0.468,0.512,0.831,5.3,1.2,0.4,1.2,15.4,14.6,0.559,16.4,10.0,6.4,0.7,3.1,22.7,1.8,2.0,-0.8,0.7,3.9,0.076,0.0,.402,13,2009
Andrei Kirilenko,UTA,67.0,10.0,27.3,0.449,0.274,0.475,0.467,0.785,4.8,2.6,1.2,1.1,11.6,16.8,0.549,15.3,10.4,14.7,2.3,3.3,20.3,2.0,2.6,2.6,2.2,4.6,0.122,0.0,.585,8,2009
Andrew Bogut,MIL,36.0,33.0,31.2,0.577,0.0,0.577,0.577,0.571,10.2,2.0,0.6,1.0,11.7,16.2,0.586,27.7,19.4,10.7,1.1,2.7,17.8,1.0,1.6,1.3,1.0,2.6,0.112,0.0,.415,12,2009
Andrew Bynum,LAL,50.0,50.0,28.9,0.56,0.0,0.56,0.56,0.707,8.0,1.4,0.4,1.8,14.3,20.0,0.598,20.1,15.6,7.7,0.6,4.8,20.7,3.2,2.3,1.1,1.1,5.5,0.184,0.0,.793,1,2009
Andris Biedriņš,GSW,62.0,58.0,30.0,0.578,0.0,0.579,0.578,0.551,11.2,2.0,1.0,1.5,11.9,19.1,0.585,27.4,20.2,10.0,1.7,3.6,16.9,3.3,2.1,1.3,1.5,5.4,0.139,0.0,.354,10,2009
Andrés Nocioni,SAC,76.0,18.0,26.2,0.427,0.399,0.449,0.515,0.792,4.8,1.3,0.5,0.4,11.4,12.2,0.555,17.8,10.5,8.3,1.0,1.2,20.1,1.4,1.4,-1.9,0.0,2.8,0.068,0.0,.207,15,2009
Antawn Jamison,WAS,81.0,81.0,38.2,0.468,0.351,0.501,0.507,0.754,8.9,1.9,1.2,0.3,22.2,20.6,0.549,20.5,13.7,9.1,1.6,0.7,25.9,6.6,1.6,1.6,2.8,8.1,0.126,0.0,.232,15,2009
Anthony Carter,DEN,78.0,5.0,22.9,0.433,0.239,0.49,0.46,0.731,2.6,4.7,1.2,0.2,5.3,10.8,0.49,10.4,6.7,29.9,2.7,0.6,14.3,-0.3,2.1,-1.3,0.3,1.8,0.047,0.0,.659,2,2009
Anthony Johnson,ORL,80.0,12.0,18.5,0.404,0.391,0.411,0.472,0.753,1.8,2.5,0.6,0.1,5.3,10.3,0.505,8.8,5.6,21.2,1.6,0.2,15.5,0.7,2.1,-0.8,0.4,2.8,0.091,0.0,.720,3,2009
Anthony Morrow,GSW,67.0,17.0,22.6,0.478,0.467,0.483,0.558,0.87,3.0,1.2,0.5,0.2,10.1,14.7,0.588,8.7,7.1,8.2,1.2,0.5,17.7,3.0,0.0,-0.2,0.7,3.0,0.096,0.0,.354,10,2009
Anthony Parker,TOR,80.0,71.0,33.0,0.426,0.39,0.442,0.488,0.834,4.0,3.4,1.2,0.2,10.7,12.1,0.524,12.0,7.1,15.7,2.0,0.4,16.3,1.4,2.0,-0.7,0.8,3.4,0.063,0.0,.402,13,2009
Anthony Randolph,GSW,63.0,22.0,17.9,0.462,0.0,0.466,0.462,0.716,5.8,0.8,0.7,1.2,7.9,16.9,0.506,22.6,17.5,6.8,1.8,4.5,21.7,0.4,1.2,-2.3,-0.1,1.6,0.069,0.0,.354,10,2009
Anthony Roberson,NYK,29.0,0.0,9.5,0.367,0.321,0.462,0.475,1.0,0.8,0.7,0.3,0.0,4.1,11.4,0.487,6.6,4.4,11.3,1.8,0.3,20.6,0.1,0.1,-1.4,0.0,0.2,0.041,0.0,.390,14,2009
Anthony Tolliver,SAS,19.0,0.0,10.9,0.292,0.22,0.417,0.362,0.5,2.2,0.9,0.3,0.1,2.7,7.6,0.375,16.4,11.7,12.1,1.3,0.4,17.8,-0.3,0.3,-3.9,-0.1,0.0,0.01,0.0,.659,4,2009
Antoine Wright,DAL,65.0,53.0,23.9,0.415,0.302,0.475,0.468,0.747,2.1,1.2,0.7,0.4,7.3,8.6,0.501,7.7,5.0,7.4,1.6,1.3,15.6,0.3,1.2,-3.5,-0.6,1.4,0.044,0.0,.610,6,2009
Antonio Daniels,WAS,74.0,9.0,13.8,0.419,0.367,0.438,0.466,0.8,1.0,2.4,0.4,0.0,4.1,12.1,0.536,8.5,4.5,26.9,1.4,0.1,15.9,0.9,0.6,-2.6,-0.2,1.5,0.068,0.0,.232,15,2009
Antonio McDyess,DET,62.0,30.0,30.1,0.51,0.0,0.51,0.51,0.698,9.8,1.3,0.7,0.8,9.6,16.6,0.529,27.2,19.3,7.3,1.2,2.1,15.7,2.8,2.8,0.5,1.2,5.6,0.144,0.0,.476,8,2009
Arron Afflalo,DET,74.0,8.0,16.7,0.437,0.402,0.456,0.508,0.817,1.8,0.6,0.4,0.2,4.9,8.9,0.548,10.1,6.4,5.5,1.3,0.8,14.5,0.8,1.0,-2.6,-0.2,1.8,0.069,0.0,.476,8,2009
Austin Croshere,SAS,14.0,0.0,7.1,0.359,0.333,0.375,0.423,0.583,2.4,0.6,0.1,0.1,2.9,14.2,0.452,28.1,20.1,14.4,0.5,0.8,23.0,0.0,0.1,-0.2,0.0,0.1,0.052,0.0,.659,4,2009
Baron Davis,LAC,65.0,60.0,34.6,0.37,0.302,0.406,0.422,0.757,3.7,7.7,1.7,0.5,14.9,14.5,0.46,10.2,6.1,38.1,2.5,1.2,25.2,-0.9,1.5,-0.8,0.7,0.6,0.013,0.0,.232,14,2009
Ben Gordon,CHI,82.0,76.0,36.6,0.455,0.41,0.476,0.521,0.864,3.5,3.4,0.9,0.3,20.7,17.0,0.573,8.8,5.4,15.9,1.2,0.5,25.0,5.2,1.7,1.1,2.3,6.9,0.11,0.0,.500,7,2009
Ben Wallace,CLE,56.0,53.0,23.5,0.445,0.0,0.445,0.445,0.422,6.5,0.8,0.9,1.3,2.9,12.2,0.45,19.7,16.4,4.7,2.0,4.5,7.8,0.8,2.9,1.6,1.2,3.8,0.138,0.0,.805,1,2009
Beno Udrih,SAC,73.0,72.0,31.1,0.461,0.31,0.491,0.486,0.82,3.0,4.7,1.1,0.2,11.0,12.3,0.525,9.0,5.7,24.7,1.8,0.4,18.2,1.0,0.2,-3.1,-0.6,1.2,0.026,0.0,.207,15,2009
Blake Ahearn,SAS,3.0,0.0,6.3,0.333,0.5,0.0,0.5,1.0,0.3,0.7,0.3,0.0,2.7,12.9,0.581,6.2,3.1,16.0,2.9,0.0,20.1,0.0,0.0,-0.9,0.0,0.1,0.149,0.0,.659,4,2009
Bobby Brown,SAC,68.0,2.0,13.7,0.392,0.346,0.417,0.454,0.791,0.8,1.7,0.3,0.0,5.3,8.9,0.476,4.8,3.3,20.9,1.2,0.2,21.3,-0.5,-0.1,-5.0,-0.7,-0.6,-0.029,0.0,.207,15,2009
Bobby Jackson,SAC,71.0,10.0,20.9,0.398,0.305,0.462,0.46,0.851,2.8,2.0,0.9,0.1,7.5,12.4,0.502,12.5,7.9,15.5,2.1,0.2,18.0,0.8,0.4,-1.8,0.1,1.2,0.038,0.0,.207,15,2009
Bobby Simmons,BRK,71.0,44.0,24.4,0.449,0.447,0.453,0.582,0.741,3.9,1.3,0.7,0.1,7.8,12.0,0.596,14.3,9.5,8.5,1.5,0.5,14.3,2.4,1.0,0.0,0.8,3.4,0.095,0.0,.415,11,2009
Boris Diaw,PHO,81.0,59.0,34.0,0.507,0.414,0.531,0.549,0.687,5.3,4.1,0.8,0.7,13.2,14.4,0.565,13.8,9.6,21.2,1.2,1.6,19.7,1.9,2.8,1.2,2.2,4.7,0.082,0.0,.561,9,2009
Brad Miller,SAC,70.0,43.0,30.0,0.476,0.411,0.482,0.494,0.824,7.8,3.3,0.7,0.5,11.9,16.7,0.566,21.9,15.0,17.9,1.3,1.3,18.4,3.6,1.5,1.1,1.6,5.1,0.117,0.0,.207,15,2009
Brandan Wright,GSW,39.0,23.0,17.6,0.528,0.0,0.537,0.528,0.741,4.0,0.5,0.6,0.9,8.3,18.7,0.57,15.0,12.4,4.9,1.6,3.7,19.0,1.4,0.4,0.1,0.4,1.9,0.131,0.0,.354,10,2009
Brandon Bass,DAL,81.0,0.0,19.4,0.496,0.0,0.502,0.496,0.867,4.5,0.5,0.3,0.7,8.5,16.4,0.571,17.2,13.4,4.3,0.9,2.6,20.0,2.5,1.6,-1.5,0.2,4.1,0.124,0.0,.610,6,2009
Brandon Roy,POR,78.0,78.0,37.2,0.48,0.377,0.501,0.512,0.824,4.7,5.1,1.1,0.3,22.6,24.0,0.573,11.6,7.9,25.4,1.7,0.6,27.4,10.9,2.6,6.2,6.0,13.5,0.223,0.006,.659,3,2009
Brandon Rush,IND,75.0,19.0,24.0,0.423,0.373,0.451,0.49,0.697,3.1,0.9,0.5,0.5,8.1,9.0,0.505,12.3,7.1,5.4,1.0,1.5,16.4,-0.4,1.3,-2.8,-0.3,0.9,0.024,0.0,.439,9,2009
Brendan Haywood,WAS,6.0,5.0,29.2,0.48,0.0,0.48,0.48,0.476,7.3,1.3,0.7,2.5,9.7,14.9,0.49,21.4,14.8,7.3,1.2,7.0,17.7,0.0,0.2,-2.0,0.0,0.2,0.041,0.0,.232,15,2009
Brent Barry,HOU,56.0,1.0,15.3,0.407,0.374,0.512,0.549,0.95,1.7,1.4,0.4,0.1,3.7,9.2,0.575,10.1,6.4,13.7,1.5,0.3,12.4,0.4,1.1,0.1,0.5,1.5,0.082,0.0,.646,5,2009
Brevin Knight,UTA,74.0,0.0,12.7,0.349,0.0,0.361,0.349,0.75,1.2,2.6,0.9,0.1,2.4,9.5,0.414,9.5,5.6,28.1,3.7,0.3,13.5,-0.6,1.3,-1.9,0.0,0.7,0.035,0.0,.585,8,2009
Brian Cardinal,MIN,64.0,4.0,14.2,0.385,0.326,0.455,0.473,0.857,2.2,1.2,0.6,0.2,3.0,8.1,0.515,13.8,9.1,12.3,2.1,1.1,11.5,0.1,0.7,-2.4,-0.1,0.9,0.045,0.0,.293,11,2009
Brian Cook,ORL,30.0,0.0,5.7,0.368,0.433,0.326,0.454,0.833,1.1,0.2,0.1,0.1,2.5,7.6,0.47,16.1,10.6,5.1,0.9,1.3,24.8,-0.3,0.3,-6.2,-0.2,0.0,-0.001,0.0,.720,3,2009
Brian Scalabrine,BOS,39.0,8.0,12.9,0.421,0.393,0.453,0.526,0.889,1.3,0.5,0.2,0.3,3.5,7.4,0.558,9.9,6.0,5.3,0.7,1.6,12.4,0.4,0.7,-1.5,0.1,1.1,0.105,0.0,.756,2,2009
Brian Skinner,LAC,51.0,21.0,16.5,0.449,0.0,0.453,0.449,0.638,4.0,0.5,0.3,1.0,4.2,10.6,0.474,18.5,13.9,5.1,1.1,4.6,14.5,-0.3,0.7,-4.4,-0.5,0.4,0.024,0.0,.232,14,2009
Brook Lopez,BRK,82.0,75.0,30.5,0.531,0.0,0.532,0.531,0.793,8.1,1.0,0.5,1.8,13.0,17.9,0.568,21.2,15.8,6.2,0.9,4.9,20.3,3.2,2.7,-0.6,0.9,5.8,0.112,0.0,.415,11,2009
Bruce Bowen,SAS,80.0,10.0,18.8,0.422,0.429,0.416,0.535,0.538,1.8,0.5,0.4,0.2,2.7,5.4,0.539,10.1,5.7,3.7,1.3,0.6,7.2,0.3,1.9,-2.3,-0.1,2.2,0.07,0.0,.659,4,2009
C.J. Miles,UTA,72.0,72.0,22.5,0.459,0.352,0.509,0.515,0.876,2.3,1.5,0.6,0.2,9.1,11.8,0.546,9.0,6.1,10.4,1.5,0.7,18.4,1.6,1.3,-1.6,0.2,2.9,0.086,0.0,.585,8,2009
C.J. Watson,GSW,77.0,18.0,24.5,0.457,0.4,0.473,0.5,0.87,2.5,2.7,1.2,0.1,9.5,14.2,0.564,8.8,5.5,16.2,2.5,0.1,16.8,2.7,0.6,-0.5,0.7,3.3,0.084,0.0,.354,10,2009
Calvin Booth,SAC,8.0,0.0,7.0,0.5,0.0,0.5,0.5,0.75,1.4,0.0,0.1,0.2,2.0,11.4,0.592,12.6,11.5,0.0,0.9,2.7,11.6,0.1,0.0,-4.8,0.0,0.1,0.106,0.0,.207,15,2009
Carl Landry,HOU,69.0,0.0,21.3,0.574,0.333,0.576,0.575,0.813,5.0,0.6,0.4,0.4,9.2,17.7,0.634,16.7,13.6,4.6,0.9,1.5,18.1,3.7,2.2,0.7,1.0,5.9,0.193,0.0,.646,5,2009
Carlos Boozer,UTA,37.0,37.0,32.4,0.49,0.0,0.49,0.49,0.698,10.4,2.1,1.1,0.2,16.2,17.2,0.523,27.3,19.2,11.4,1.7,0.5,24.4,0.9,1.7,-0.6,0.4,2.6,0.105,0.0,.585,8,2009
Carmelo Anthony,DEN,66.0,66.0,34.5,0.443,0.371,0.455,0.469,0.793,6.8,3.4,1.1,0.4,22.8,19.0,0.532,17.0,11.5,18.1,1.7,0.8,31.5,2.4,2.6,0.5,1.5,5.0,0.105,0.0,.659,2,2009
Caron Butler,WAS,67.0,67.0,38.6,0.453,0.31,0.487,0.482,0.858,6.2,4.3,1.6,0.3,20.8,18.8,0.552,13.8,9.4,19.7,2.2,0.6,25.9,3.4,1.1,0.9,1.9,4.5,0.083,0.0,.232,15,2009
Cartier Martin,CHO,33.0,1.0,8.1,0.364,0.303,0.409,0.429,0.8,1.0,0.4,0.2,0.1,2.6,9.2,0.489,12.0,7.7,8.0,1.6,1.2,17.2,0.1,0.3,-2.8,-0.1,0.4,0.07,0.0,.427,10,2009
Cedric Simmons,SAC,18.0,0.0,4.7,0.44,0.0,0.44,0.44,0.438,0.9,0.1,0.1,0.2,1.6,10.8,0.453,15.1,11.0,3.9,0.6,3.5,18.1,0.0,0.1,-4.1,0.0,0.0,0.022,0.0,.207,15,2009
Channing Frye,POR,63.0,1.0,11.8,0.423,0.333,0.436,0.444,0.722,2.2,0.4,0.3,0.3,4.2,10.0,0.465,16.7,11.6,5.3,1.3,1.7,19.7,0.0,0.8,-4.2,-0.4,0.8,0.054,0.0,.659,3,2009
Charlie Bell,MIL,70.0,23.0,25.5,0.414,0.363,0.458,0.497,0.825,1.9,2.2,0.7,0.1,8.4,9.8,0.525,7.1,4.4,13.3,1.5,0.3,16.0,0.9,1.2,-1.7,0.2,2.2,0.059,0.0,.415,12,2009
Charlie Villanueva,MIL,78.0,47.0,26.9,0.447,0.345,0.479,0.488,0.838,6.7,1.8,0.6,0.7,16.2,18.6,0.529,21.6,14.7,12.4,1.2,2.2,28.5,2.2,2.7,1.1,1.6,4.9,0.112,0.0,.415,12,2009
Chauncey Billups,DET,79.0,79.0,35.3,0.418,0.408,0.425,0.501,0.913,3.0,6.4,1.2,0.2,17.7,18.8,0.592,8.4,5.0,28.9,1.7,0.5,21.7,7.9,2.2,3.4,3.8,10.1,0.174,0.027,.476,8,2009
Cheikh Samb,NYK,18.0,0.0,4.6,0.188,0.0,0.207,0.188,0.429,1.3,0.1,0.2,0.6,0.8,5.3,0.214,19.5,16.7,1.7,1.9,9.1,20.6,-0.4,0.1,-11.7,-0.2,-0.2,-0.144,0.0,.390,14,2009
Chris Andersen,DEN,71.0,1.0,20.6,0.548,0.2,0.56,0.551,0.718,6.2,0.4,0.6,2.5,6.4,18.1,0.608,21.6,17.6,3.2,1.4,9.3,13.4,2.5,2.8,2.2,1.5,5.4,0.176,0.0,.659,2,2009
Chris Bosh,TOR,77.0,77.0,38.0,0.487,0.245,0.497,0.492,0.817,10.0,2.5,0.9,1.0,22.7,22.1,0.569,22.1,15.5,11.6,1.2,2.0,26.9,6.6,3.1,2.7,3.5,9.7,0.159,0.0,.402,13,2009
Chris Douglas-Roberts,BRK,44.0,3.0,13.3,0.46,0.25,0.476,0.469,0.823,1.1,1.2,0.3,0.2,4.9,12.2,0.531,7.4,5.1,14.8,1.1,1.0,18.7,0.4,0.2,-2.5,-0.1,0.6,0.046,0.0,.415,11,2009
Chris Duhon,NYK,79.0,78.0,36.8,0.421,0.391,0.449,0.515,0.856,3.1,7.2,0.9,0.1,11.1,12.2,0.569,7.8,4.6,27.9,1.2,0.2,14.9,3.1,1.0,-1.5,0.3,4.2,0.069,0.0,.390,14,2009
Chris Kaman,LAC,31.0,24.0,29.7,0.528,0.0,0.528,0.528,0.68,8.0,1.5,0.5,1.5,12.0,14.4,0.552,22.2,15.5,8.8,1.0,3.6,20.9,-0.3,0.8,-3.1,-0.3,0.6,0.03,0.0,.232,14,2009
Chris Mihm,LAL,18.0,0.0,5.8,0.375,0.0,0.375,0.375,0.857,1.9,0.6,0.1,0.3,2.0,10.0,0.418,20.2,18.3,13.7,0.5,4.4,22.2,-0.1,0.2,-6.2,-0.1,0.1,0.026,0.0,.793,1,2009
Chris Paul,NOP,78.0,78.0,38.5,0.503,0.364,0.525,0.528,0.868,5.5,11.0,2.8,0.1,22.8,30.0,0.599,14.6,8.7,54.5,3.9,0.3,27.5,13.3,5.0,11.0,9.9,18.3,0.292,0.159,.598,7,2009
Chris Quinn,MIA,66.0,0.0,14.6,0.408,0.409,0.408,0.505,0.81,1.1,2.0,0.4,0.0,5.1,12.9,0.539,8.4,4.7,21.5,1.3,0.2,17.0,1.5,0.6,-1.0,0.2,2.1,0.104,0.0,.524,5,2009
Chris Wilcox,OKC,62.0,6.0,16.9,0.497,0.0,0.503,0.497,0.564,4.5,0.8,0.4,0.3,7.2,13.3,0.518,20.0,15.0,7.6,1.3,1.1,21.3,0.1,1.0,-3.8,-0.5,1.1,0.048,0.0,.280,13,2009
Chuck Hayes,HOU,71.0,1.0,12.1,0.372,0.0,0.385,0.372,0.368,3.5,0.6,0.5,0.3,1.3,7.8,0.375,23.0,17.0,7.0,2.1,1.6,7.9,-0.1,1.7,-1.5,0.1,1.6,0.092,0.0,.646,5,2009
Chucky Atkins,OKC,33.0,0.0,12.5,0.301,0.263,0.339,0.367,0.938,0.7,1.8,0.3,0.1,3.0,6.2,0.408,5.3,3.4,20.9,1.2,0.4,15.4,-0.3,0.2,-5.3,-0.3,-0.2,-0.018,0.0,.280,13,2009
Corey Brewer,MIN,15.0,8.0,20.5,0.411,0.417,0.41,0.439,0.737,3.3,1.7,1.0,0.2,6.2,11.2,0.473,12.3,9.3,12.9,2.6,0.8,16.3,0.1,0.3,-1.5,0.0,0.3,0.052,0.0,.293,11,2009
Corey Maggette,GSW,51.0,19.0,31.1,0.461,0.253,0.497,0.479,0.824,5.5,1.8,0.9,0.2,18.6,16.9,0.582,16.0,9.7,9.2,1.4,0.3,25.2,2.8,0.6,-2.0,0.0,3.3,0.1,0.0,.354,10,2009
Courtney Lee,ORL,77.0,42.0,25.2,0.45,0.404,0.478,0.526,0.83,2.3,1.2,1.0,0.2,8.4,10.7,0.556,9.1,5.2,7.6,2.0,0.5,15.5,1.3,3.1,-0.1,0.9,4.4,0.108,0.0,.720,3,2009
Courtney Sims,PHO,2.0,0.0,6.5,0.5,0.0,0.5,0.5,0.0,2.0,0.0,0.0,0.0,3.0,12.8,0.5,17.4,16.8,0.0,0.0,0.0,23.5,0.0,0.0,-7.0,0.0,0.0,-0.013,0.0,.561,9,2009
Craig Smith,MIN,74.0,31.0,19.7,0.562,0.0,0.563,0.562,0.677,3.8,1.1,0.4,0.3,10.1,16.9,0.599,15.5,11.4,9.7,1.1,1.0,22.5,2.3,0.8,-0.6,0.5,3.1,0.104,0.0,.293,11,2009
Cuttino Mobley,LAC,11.0,11.0,33.2,0.432,0.343,0.459,0.473,0.722,2.6,1.1,1.4,0.2,13.7,10.3,0.491,6.5,4.6,5.8,2.1,0.4,21.5,-0.3,0.1,-3.9,-0.2,-0.1,-0.017,0.0,.232,14,2009
D.J. Augustin,CHO,72.0,12.0,26.5,0.43,0.439,0.424,0.517,0.893,1.8,3.5,0.6,0.0,11.8,14.9,0.587,7.5,4.3,22.6,1.2,0.1,20.8,3.6,1.5,0.9,1.4,5.1,0.128,0.0,.427,10,2009
D.J. Mbenga,LAL,23.0,0.0,7.9,0.474,0.0,0.482,0.474,0.875,1.3,0.4,0.4,1.0,2.7,13.9,0.504,13.6,9.7,7.2,2.8,10.2,17.8,-0.1,0.4,-0.6,0.1,0.3,0.091,0.0,.793,1,2009
D.J. White,OKC,7.0,0.0,18.6,0.52,0.0,0.52,0.52,0.769,4.6,0.9,0.4,0.7,8.9,19.8,0.556,19.8,14.2,8.3,1.2,2.8,20.0,0.3,0.1,0.4,0.1,0.4,0.157,0.0,.280,13,2009
Daequan Cook,MIA,75.0,4.0,24.4,0.375,0.387,0.356,0.494,0.875,2.5,0.9,0.5,0.1,9.1,10.3,0.512,11.2,6.2,6.2,1.1,0.4,18.2,0.9,1.3,-2.1,0.0,2.2,0.056,0.0,.524,5,2009
Dahntay Jones,DEN,79.0,71.0,18.1,0.458,0.647,0.448,0.475,0.728,2.1,1.0,0.6,0.2,5.4,9.0,0.533,8.7,6.8,8.2,1.7,1.0,14.7,0.7,1.3,-2.9,-0.3,2.0,0.067,0.0,.659,2,2009
Damien Wilkins,OKC,41.0,14.0,15.5,0.362,0.375,0.355,0.425,0.804,1.7,0.9,0.5,0.2,5.3,8.3,0.467,9.2,6.3,9.1,1.8,0.8,18.8,-0.4,0.4,-4.7,-0.4,0.0,0.002,0.0,.280,13,2009
Damon Jones,MIL,18.0,0.0,6.0,0.324,0.393,0.0,0.485,0.0,0.3,0.4,0.2,0.0,1.8,6.2,0.485,6.9,3.3,9.8,1.4,0.0,16.6,-0.1,0.1,-4.0,-0.1,0.0,-0.007,0.0,.415,12,2009
Dan Gadzuric,MIL,67.0,26.0,14.0,0.48,0.0,0.483,0.48,0.544,3.8,0.6,0.5,0.6,4.0,12.2,0.495,21.0,16.0,6.5,1.8,3.8,15.0,0.4,1.4,-2.5,-0.1,1.8,0.094,0.0,.415,12,2009
Daniel Gibson,CLE,75.0,0.0,23.9,0.391,0.382,0.402,0.493,0.767,2.1,1.8,0.6,0.2,7.8,10.1,0.519,7.9,5.1,11.3,1.3,0.7,16.5,1.5,2.3,-1.0,0.4,3.8,0.101,0.0,.805,1,2009
Danilo Gallinari,NYK,28.0,2.0,14.7,0.448,0.444,0.453,0.576,0.963,2.0,0.5,0.5,0.1,6.1,13.4,0.621,11.5,7.3,5.5,1.7,0.7,16.0,0.7,0.3,0.6,0.3,1.0,0.119,0.0,.390,14,2009
Danny Granger,IND,67.0,66.0,36.2,0.447,0.404,0.47,0.518,0.878,5.1,2.7,1.0,1.4,25.8,21.8,0.584,13.4,7.7,13.1,1.4,3.0,29.6,5.6,2.4,4.8,4.2,8.0,0.158,0.0,.439,9,2009
Darius Miles,MEM,34.0,0.0,8.8,0.485,0.167,0.505,0.49,0.742,1.7,0.5,0.3,0.6,3.5,16.1,0.533,15.9,11.7,10.1,2.0,5.5,21.0,0.1,0.4,0.9,0.2,0.5,0.077,0.0,.293,12,2009
Darius Songaila,WAS,77.0,29.0,19.8,0.532,0.0,0.533,0.532,0.889,2.9,1.2,0.8,0.3,7.4,13.9,0.57,12.1,8.8,10.3,2.2,1.1,17.1,1.8,0.7,-2.0,0.0,2.4,0.076,0.0,.232,15,2009
Darko Miličić,MEM,61.0,15.0,17.0,0.515,0.0,0.515,0.515,0.562,4.3,0.6,0.4,0.8,5.5,13.8,0.533,21.8,15.7,5.6,1.1,4.0,16.3,0.7,1.2,-2.0,0.0,1.9,0.088,0.0,.293,12,2009
Darnell Jackson,CLE,51.0,2.0,8.4,0.43,0.0,0.44,0.43,0.686,1.7,0.2,0.2,0.1,1.9,7.2,0.483,14.7,12.0,2.7,1.3,0.7,12.7,0.2,0.7,-5.2,-0.4,0.8,0.094,0.0,.805,1,2009
Darrell Arthur,MEM,76.0,64.0,19.3,0.438,0.0,0.44,0.438,0.667,4.6,0.6,0.7,0.7,5.6,11.3,0.456,20.3,14.5,5.0,1.9,2.9,16.3,-0.1,1.8,-3.4,-0.5,1.7,0.055,0.0,.293,12,2009
David Lee,NYK,81.0,74.0,34.9,0.549,0.0,0.551,0.549,0.755,11.7,2.1,1.0,0.3,16.0,19.0,0.59,27.9,18.4,10.1,1.4,0.6,19.2,5.9,3.1,0.8,2.0,9.0,0.154,0.0,.390,14,2009
David West,NOP,76.0,76.0,39.2,0.472,0.24,0.477,0.474,0.884,8.5,2.3,0.6,0.9,21.0,18.9,0.54,19.7,13.1,10.9,0.9,1.9,26.5,4.2,3.5,0.6,2.0,7.8,0.125,0.0,.598,7,2009
DeAndre Jordan,LAC,53.0,13.0,14.5,0.633,0.0,0.633,0.633,0.385,4.5,0.2,0.2,1.1,4.3,14.1,0.585,25.5,17.8,2.3,0.7,5.7,13.9,0.4,0.9,-3.3,-0.3,1.3,0.079,0.0,.232,14,2009
DeMarcus Nelson,GSW,13.0,5.0,13.2,0.444,0.0,0.471,0.444,0.357,1.8,1.0,0.7,0.2,4.1,6.5,0.44,11.4,7.6,11.3,2.6,0.8,18.8,-0.3,0.1,-5.5,-0.2,-0.3,-0.071,0.0,.354,10,2009
DeSagana Diop,DAL,75.0,1.0,13.8,0.433,0.0,0.433,0.433,0.333,3.6,0.4,0.4,0.7,2.3,9.7,0.425,18.2,15.8,4.6,1.5,4.3,10.8,-0.2,1.6,-2.8,-0.2,1.4,0.065,0.0,.610,6,2009
DeShawn Stevenson,WAS,32.0,25.0,27.7,0.312,0.271,0.363,0.387,0.533,2.4,3.1,0.7,0.1,6.6,6.9,0.41,8.9,5.0,16.3,1.3,0.2,14.9,-0.6,0.0,-4.7,-0.6,-0.6,-0.032,0.0,.232,15,2009
Dee Brown,WAS,19.0,11.0,13.7,0.367,0.292,0.44,0.439,0.6,1.5,1.9,0.5,0.0,2.4,6.6,0.449,10.1,6.5,19.8,2.0,0.0,11.8,-0.2,0.1,-5.1,-0.2,-0.1,-0.018,0.0,.232,15,2009
Delonte West,CLE,64.0,64.0,33.6,0.457,0.399,0.49,0.53,0.833,3.2,3.5,1.5,0.2,11.7,14.1,0.559,9.2,5.6,16.6,2.4,0.5,16.7,3.0,3.4,1.7,2.0,6.4,0.142,0.0,.805,1,2009
Demetris Nichols,NYK,4.0,0.0,3.5,0.333,0.0,0.429,0.333,0.5,0.5,0.2,0.0,0.2,1.8,8.8,0.354,16.2,7.8,12.2,0.0,5.2,31.0,0.0,0.0,-4.8,0.0,0.0,-0.108,0.0,.390,14,2009
Derek Fisher,LAL,82.0,82.0,29.8,0.424,0.397,0.446,0.512,0.846,2.3,3.2,1.2,0.1,9.9,12.1,0.546,7.4,4.4,14.9,2.0,0.2,14.7,3.6,2.7,0.2,1.3,6.3,0.123,0.0,.793,1,2009
Deron Williams,UTA,68.0,68.0,36.8,0.471,0.31,0.518,0.506,0.849,2.9,10.7,1.1,0.3,19.4,21.1,0.573,8.1,4.6,47.8,1.5,0.6,24.7,6.5,1.9,4.0,3.8,8.4,0.16,0.0,.585,8,2009
Derrick Rose,CHI,81.0,80.0,37.0,0.475,0.222,0.491,0.482,0.788,3.9,6.3,0.8,0.2,16.8,16.0,0.516,8.4,6.1,28.8,1.1,0.4,22.6,3.4,1.5,-0.4,1.2,4.9,0.078,0.0,.500,7,2009
Desmon Farmer,SAS,3.0,0.0,18.0,0.286,0.25,0.5,0.393,1.0,2.0,0.7,0.0,0.0,4.3,0.4,0.437,13.1,6.6,5.4,0.0,0.0,16.9,-0.1,0.1,-9.9,-0.1,-0.1,-0.071,0.0,.659,4,2009
Desmond Mason,OKC,39.0,19.0,27.3,0.435,0.0,0.44,0.435,0.541,4.0,1.2,0.4,0.8,7.5,7.1,0.456,12.8,8.5,6.7,0.7,2.1,15.7,-1.0,0.7,-5.1,-0.8,-0.3,-0.012,0.0,.280,13,2009
Devean George,DAL,43.0,17.0,16.5,0.38,0.289,0.485,0.458,0.773,1.8,0.3,0.5,0.3,3.4,7.0,0.485,8.5,6.3,3.0,1.7,1.1,10.9,0.1,0.6,-2.8,-0.1,0.6,0.042,0.0,.610,6,2009
Devin Brown,NOP,63.0,5.0,13.8,0.355,0.289,0.384,0.399,0.78,1.9,0.9,0.5,0.1,5.2,9.7,0.459,12.2,8.3,10.2,2.0,0.5,22.8,-0.8,1.0,-4.3,-0.5,0.1,0.007,0.0,.598,7,2009
Devin Harris,BRK,69.0,69.0,36.1,0.438,0.291,0.477,0.469,0.82,3.3,6.9,1.7,0.2,21.3,21.6,0.563,9.7,5.5,34.4,2.4,0.4,28.4,5.9,1.7,2.8,3.0,7.5,0.145,0.0,.415,11,2009
Dikembe Mutombo,HOU,9.0,2.0,10.7,0.385,0.0,0.385,0.385,0.667,3.7,0.0,0.0,1.2,1.8,10.8,0.472,24.5,20.0,0.0,0.0,8.3,11.1,0.0,0.2,-3.0,0.0,0.2,0.088,0.0,.646,5,2009
Dirk Nowitzki,DAL,81.0,81.0,37.7,0.479,0.359,0.493,0.498,0.89,8.4,2.4,0.8,0.8,25.9,23.1,0.564,22.1,12.8,12.1,1.0,1.5,30.3,7.5,3.4,3.4,4.2,10.9,0.171,0.002,.610,6,2009
Dominic McGuire,WAS,79.0,57.0,26.2,0.432,0.5,0.431,0.435,0.725,5.4,2.5,0.8,0.9,4.5,10.8,0.483,18.4,12.1,13.8,1.6,2.9,10.1,0.5,1.3,-1.1,0.5,1.7,0.04,0.0,.232,15,2009
Dontell Jefferson,CHO,6.0,0.0,14.0,0.5,0.5,0.5,0.523,0.667,2.0,1.5,0.7,0.2,4.8,12.7,0.559,16.1,8.8,18.2,2.6,1.0,18.0,0.0,0.1,-0.1,0.0,0.2,0.089,0.0,.427,10,2009
Donté Greene,SAC,55.0,4.0,13.2,0.326,0.26,0.375,0.381,0.853,1.6,0.5,0.3,0.3,3.8,5.2,0.416,10.9,6.9,6.4,1.1,1.4,17.8,-1.2,0.1,-6.8,-0.9,-1.1,-0.074,0.0,.207,15,2009
Donyell Marshall,PHI,25.0,0.0,7.6,0.452,0.455,0.444,0.623,0.5,1.6,0.6,0.2,0.2,3.8,18.9,0.621,21.7,12.7,13.6,1.1,2.1,19.7,0.6,0.2,6.5,0.4,0.8,0.201,0.0,.500,6,2009
Dorell Wright,MIA,6.0,0.0,12.2,0.4,0.0,0.4,0.4,0.333,3.3,0.3,0.3,0.0,3.0,3.7,0.398,29.8,16.4,4.2,1.5,0.0,18.4,-0.2,0.1,-10.3,-0.1,-0.1,-0.086,0.0,.524,5,2009
Drew Gooden,SAS,51.0,28.0,24.8,0.468,0.0,0.472,0.468,0.84,7.1,0.9,0.6,0.4,11.9,16.3,0.526,22.6,16.6,6.3,1.2,1.0,23.5,1.1,1.6,-1.8,0.1,2.7,0.102,0.0,.659,4,2009
Dwayne Jones,CHO,6.0,0.0,8.7,0.571,0.0,0.571,0.571,0.667,2.0,0.0,0.0,0.2,2.0,8.0,0.622,14.2,14.3,0.0,0.0,1.6,12.4,0.0,0.0,-5.7,0.0,0.1,0.051,0.0,.427,10,2009
Dwight Howard,ORL,79.0,79.0,35.7,0.572,0.0,0.573,0.572,0.594,13.8,1.4,1.0,2.9,20.6,25.4,0.6,29.5,21.8,7.3,1.4,5.9,26.1,6.2,7.6,4.5,4.7,13.8,0.234,0.271,.720,3,2009
Dwyane Wade,MIA,79.0,79.0,38.6,0.491,0.317,0.524,0.516,0.765,5.0,7.5,2.2,1.3,30.2,30.4,0.574,12.2,7.8,40.3,3.0,2.8,36.2,10.3,4.4,10.6,9.6,14.7,0.232,0.562,.524,5,2009
Earl Watson,OKC,68.0,18.0,26.1,0.384,0.235,0.418,0.406,0.755,2.7,5.8,0.7,0.2,6.6,9.5,0.448,9.7,5.9,33.4,1.4,0.5,16.3,-1.2,1.1,-4.6,-1.2,-0.2,-0.005,0.0,.280,13,2009
Eddie Gill,MIL,6.0,0.0,7.2,0.667,0.667,0.667,0.778,0.0,0.7,1.8,0.5,0.2,2.3,15.5,0.778,11.5,5.5,41.2,3.6,1.9,14.6,0.1,0.1,1.3,0.0,0.1,0.155,0.0,.415,12,2009
Eddie House,BOS,81.0,0.0,18.3,0.445,0.444,0.445,0.579,0.792,1.9,1.1,0.8,0.1,8.5,15.4,0.592,11.5,6.5,10.3,2.2,0.4,20.1,2.5,2.4,3.5,2.0,4.9,0.158,0.0,.756,2,2009
Eddy Curry,NYK,3.0,0.0,4.0,1.0,0.0,1.0,1.0,0.333,1.3,0.0,0.0,0.0,1.7,2.8,0.753,37.7,18.2,0.0,0.0,0.0,19.3,0.0,0.0,-12.4,0.0,0.0,-0.064,0.0,.390,14,2009
Eduardo Nájera,BRK,27.0,0.0,11.8,0.446,0.2,0.571,0.48,0.364,2.5,0.7,0.4,0.1,2.9,7.7,0.472,18.9,12.5,9.4,1.7,1.0,14.9,-0.2,0.3,-4.3,-0.2,0.1,0.01,0.0,.415,11,2009
Elton Brand,PHI,29.0,23.0,31.7,0.447,0.0,0.447,0.447,0.676,8.8,1.3,0.6,1.6,13.8,14.6,0.484,23.2,16.5,6.9,1.0,3.9,23.8,-0.4,1.3,-1.9,0.0,0.9,0.047,0.0,.500,6,2009
Emeka Okafor,CHO,82.0,81.0,32.8,0.561,0.0,0.561,0.561,0.593,10.1,0.6,0.6,1.7,13.2,18.0,0.581,25.2,19.0,3.5,1.0,4.2,18.9,3.7,4.6,0.2,1.5,8.2,0.147,0.0,.427,10,2009
Eric Gordon,LAC,78.0,65.0,34.3,0.456,0.389,0.496,0.529,0.854,2.6,2.8,1.0,0.4,16.1,14.9,0.593,6.9,4.3,13.6,1.5,1.0,20.7,3.9,0.7,-0.4,1.0,4.6,0.082,0.0,.232,14,2009
Erick Dampier,DAL,80.0,80.0,23.0,0.65,0.0,0.65,0.65,0.638,7.1,1.0,0.3,1.2,5.7,15.7,0.664,21.6,17.7,6.1,0.7,3.8,10.4,3.9,2.3,0.6,1.2,6.1,0.161,0.0,.610,6,2009
Etan Thomas,WAS,26.0,7.0,11.8,0.485,0.0,0.485,0.485,0.696,2.5,0.2,0.1,0.7,3.1,10.1,0.525,16.2,12.7,3.0,0.5,4.8,14.0,0.0,0.1,-4.9,-0.2,0.1,0.018,0.0,.232,15,2009
Fabricio Oberto,SAS,54.0,11.0,12.5,0.587,0.0,0.592,0.587,0.571,2.6,1.1,0.1,0.2,2.6,10.6,0.595,13.4,12.5,12.9,0.6,1.2,11.3,0.8,0.8,-2.2,0.0,1.7,0.119,0.0,.659,4,2009
Francisco Elson,MIL,59.0,23.0,16.6,0.491,0.25,0.497,0.494,0.846,3.9,0.5,0.6,0.6,3.4,10.3,0.537,16.3,13.8,4.8,1.9,3.1,10.8,0.5,1.3,-2.2,-0.1,1.8,0.089,0.0,.415,12,2009
Francisco García,SAC,65.0,36.0,30.4,0.444,0.398,0.466,0.51,0.82,3.4,2.3,1.2,1.0,12.7,14.1,0.554,9.6,6.4,12.6,2.1,2.5,19.4,1.7,0.7,-0.3,0.8,2.4,0.058,0.0,.207,15,2009
Fred Jones,LAC,52.0,21.0,28.8,0.407,0.367,0.441,0.492,0.815,2.4,3.6,1.0,0.2,7.3,10.4,0.536,8.2,4.9,19.1,1.8,0.5,12.8,1.1,0.5,-2.7,-0.3,1.6,0.052,0.0,.232,14,2009
Gabe Pruitt,BOS,47.0,0.0,7.8,0.307,0.292,0.321,0.376,0.81,0.9,0.8,0.3,0.1,2.0,7.6,0.422,10.8,7.1,15.5,2.2,0.7,16.5,-0.2,0.6,-2.2,0.0,0.4,0.047,0.0,.756,2,2009
George Hill,SAS,77.0,7.0,16.5,0.403,0.329,0.421,0.435,0.781,2.1,1.8,0.6,0.3,5.7,11.6,0.502,11.9,7.4,16.6,1.9,1.2,19.5,0.2,2.0,-1.8,0.1,2.1,0.08,0.0,.659,4,2009
Gerald Green,DAL,38.0,12.0,9.9,0.439,0.304,0.485,0.478,0.844,1.4,0.4,0.3,0.1,5.2,11.4,0.513,12.1,8.2,6.9,1.4,1.0,27.7,-0.3,0.3,-4.7,-0.3,0.0,-0.002,0.0,.610,6,2009
Gerald Wallace,CHO,71.0,71.0,37.6,0.48,0.298,0.515,0.504,0.804,7.8,2.7,1.7,0.9,16.6,18.6,0.585,20.3,12.8,12.4,2.5,2.1,20.5,4.9,4.6,3.5,3.7,9.5,0.172,0.0,.427,10,2009
Gilbert Arenas,WAS,2.0,2.0,31.5,0.261,0.286,0.25,0.304,0.75,4.5,10.0,0.0,0.5,13.0,18.9,0.433,15.3,8.4,47.8,0.0,1.3,22.4,0.2,0.0,0.8,0.0,0.2,0.115,0.0,.232,15,2009
Glen Davis,BOS,76.0,16.0,21.5,0.442,0.4,0.443,0.444,0.73,4.0,0.9,0.7,0.2,7.0,10.7,0.502,12.8,11.2,6.5,1.7,0.9,17.1,1.0,2.7,-2.2,0.0,3.7,0.108,0.0,.756,2,2009
Goran Dragić,PHO,55.0,1.0,13.2,0.393,0.37,0.4,0.438,0.769,1.9,2.0,0.5,0.1,4.5,9.8,0.487,10.8,8.3,20.8,2.0,0.3,19.7,-0.3,0.4,-4.3,-0.4,0.1,0.005,0.0,.561,9,2009
Grant Hill,PHO,82.0,68.0,29.8,0.523,0.316,0.547,0.54,0.808,4.9,2.3,1.1,0.7,12.0,15.2,0.584,15.7,9.7,11.0,1.8,1.6,17.5,3.5,1.9,0.8,1.7,5.3,0.104,0.0,.561,9,2009
Greg Buckner,MEM,63.0,0.0,13.9,0.384,0.255,0.444,0.425,0.8,2.1,0.9,0.5,0.1,2.5,6.3,0.456,13.9,9.1,9.9,1.8,0.7,11.1,-0.4,0.7,-4.0,-0.4,0.3,0.019,0.0,.293,12,2009
Greg Oden,POR,61.0,39.0,21.5,0.564,0.0,0.564,0.564,0.637,7.0,0.5,0.4,1.1,8.9,18.1,0.599,24.5,20.0,3.9,1.1,4.2,19.3,2.6,2.0,-1.1,0.3,4.6,0.167,0.0,.659,3,2009
Hakim Warrick,MEM,82.0,7.0,24.7,0.491,0.217,0.5,0.494,0.711,5.0,0.8,0.6,0.5,11.6,16.9,0.554,17.0,12.3,5.9,1.3,1.6,22.0,3.0,1.7,-0.7,0.7,4.7,0.111,0.0,.293,12,2009
Hamed Haddadi,MEM,19.0,0.0,6.3,0.484,0.0,0.484,0.484,0.6,2.5,0.4,0.1,0.6,2.5,19.7,0.543,32.2,24.0,11.1,0.4,8.1,20.7,0.2,0.2,0.3,0.1,0.4,0.142,0.0,.293,12,2009
Hassan Adams,TOR,12.0,0.0,4.3,0.308,0.0,0.308,0.308,0.5,0.6,0.1,0.1,0.1,0.9,0.4,0.352,13.4,7.9,2.8,1.0,1.5,17.4,-0.2,0.0,-9.4,-0.1,-0.2,-0.144,0.0,.402,13,2009
Hedo Türkoğlu,ORL,77.0,77.0,36.6,0.413,0.356,0.445,0.478,0.807,5.3,4.9,0.8,0.2,16.8,14.8,0.541,14.2,8.2,22.5,1.2,0.5,23.0,3.0,4.4,1.3,2.4,7.3,0.125,0.0,.720,3,2009
Henry Walker,BOS,29.0,0.0,7.4,0.621,0.0,0.632,0.621,0.696,1.0,0.4,0.2,0.1,3.0,10.9,0.646,11.3,8.2,9.9,1.5,0.7,18.6,0.2,0.3,-4.5,-0.1,0.5,0.117,0.0,.756,2,2009
Hilton Armstrong,NOP,70.0,29.0,15.6,0.561,0.0,0.566,0.561,0.633,2.8,0.4,0.4,0.6,4.8,10.7,0.585,12.6,10.8,4.4,1.3,3.5,16.3,0.2,1.3,-3.8,-0.5,1.5,0.068,0.0,.598,7,2009
Ike Diogu,SAC,29.0,1.0,7.4,0.527,0.5,0.528,0.534,0.755,1.9,0.1,0.1,0.1,4.1,20.3,0.611,16.6,15.5,2.7,0.7,1.1,23.2,0.6,0.1,-1.1,0.1,0.7,0.158,0.0,.207,15,2009
Ime Udoka,SAS,67.0,3.0,15.4,0.383,0.328,0.426,0.455,0.609,2.8,0.8,0.5,0.2,4.3,9.5,0.47,18.1,10.8,7.9,1.9,0.9,16.2,-0.5,1.7,-1.6,0.1,1.3,0.058,0.0,.659,4,2009
J.J. Barea,DAL,79.0,15.0,20.3,0.442,0.357,0.474,0.491,0.753,2.2,3.4,0.5,0.1,7.8,13.4,0.516,10.0,6.4,26.4,1.2,0.2,20.2,1.2,1.0,-1.5,0.2,2.2,0.066,0.0,.610,6,2009
J.J. Hickson,CLE,62.0,0.0,11.4,0.515,0.0,0.515,0.515,0.672,2.7,0.1,0.2,0.5,4.0,12.5,0.548,18.4,13.9,2.1,1.1,3.4,18.0,0.2,1.3,-3.2,-0.2,1.5,0.101,0.0,.805,1,2009
J.R. Giddens,BOS,6.0,0.0,1.3,0.667,0.0,0.667,0.667,0.0,0.5,0.0,0.2,0.0,0.7,26.0,0.667,14.5,22.8,0.0,6.6,0.0,23.3,0.0,0.0,7.2,0.0,0.0,0.201,0.0,.756,2,2009
J.R. Smith,DEN,81.0,18.0,27.7,0.446,0.397,0.491,0.541,0.754,3.7,2.8,1.0,0.2,15.2,16.8,0.576,12.8,7.7,17.3,1.8,0.5,24.2,3.6,2.2,2.2,2.4,5.8,0.124,0.0,.659,2,2009
JJ Redick,ORL,64.0,5.0,17.4,0.391,0.374,0.417,0.503,0.871,1.7,1.1,0.3,0.0,6.0,9.9,0.562,10.0,5.5,10.3,1.0,0.1,16.4,0.8,1.5,-1.0,0.3,2.3,0.098,0.0,.720,3,2009
JaVale McGee,WAS,75.0,14.0,15.2,0.494,0.0,0.494,0.494,0.66,3.9,0.3,0.4,1.0,6.5,17.0,0.534,18.4,15.1,3.4,1.5,5.4,20.7,1.1,0.9,-2.9,-0.3,2.0,0.084,0.0,.232,15,2009
Jacque Vaughn,SAS,30.0,0.0,9.7,0.32,1.0,0.311,0.327,0.889,0.7,1.8,0.2,0.0,2.2,7.6,0.392,7.3,4.5,27.6,1.1,0.0,16.2,-0.2,0.3,-5.9,-0.3,0.1,0.02,0.0,.659,4,2009
Jake Voskuhl,TOR,38.0,1.0,6.3,0.267,0.0,0.267,0.267,0.786,1.6,0.2,0.1,0.1,0.9,0.4,0.342,18.4,14.4,4.6,0.7,1.3,13.1,-0.5,0.2,-10.9,-0.5,-0.3,-0.064,0.0,.402,13,2009
Jamaal Magloire,MIA,55.0,12.0,12.9,0.496,0.0,0.496,0.496,0.483,4.0,0.4,0.2,0.5,2.9,10.6,0.505,23.8,18.7,4.6,0.8,2.9,12.5,0.4,0.9,-4.5,-0.4,1.3,0.089,0.0,.524,5,2009
Jamal Crawford,NYK,65.0,65.0,38.1,0.41,0.36,0.441,0.479,0.872,3.0,4.4,0.9,0.2,19.7,15.1,0.545,7.5,4.2,18.1,1.1,0.4,22.8,3.3,0.0,-1.3,0.5,3.3,0.065,0.0,.390,14,2009
Jamario Moon,TOR,80.0,60.0,25.8,0.468,0.355,0.54,0.537,0.85,4.6,1.2,1.1,0.8,7.2,13.3,0.567,17.5,10.4,7.0,2.2,2.3,12.4,2.4,2.5,1.7,1.9,4.9,0.114,0.0,.402,13,2009
Jameer Nelson,ORL,42.0,42.0,31.2,0.503,0.453,0.529,0.58,0.887,3.5,5.4,1.2,0.1,16.7,20.6,0.612,10.5,6.2,32.1,2.0,0.2,23.2,3.9,2.1,5.1,2.3,6.0,0.22,0.0,.720,3,2009
James Jones,MIA,40.0,1.0,15.8,0.369,0.344,0.415,0.48,0.839,1.6,0.5,0.3,0.4,4.2,8.4,0.52,9.6,5.9,4.7,1.0,1.8,13.0,0.4,0.5,-2.7,-0.1,0.9,0.065,0.0,.524,5,2009
James Posey,NOP,75.0,0.0,28.5,0.412,0.369,0.476,0.523,0.822,4.8,1.1,0.8,0.3,8.9,10.8,0.568,18.3,10.2,6.0,1.5,0.8,15.0,1.7,2.6,-1.0,0.6,4.2,0.095,0.0,.598,7,2009
James Singleton,DAL,62.0,6.0,14.3,0.529,0.325,0.575,0.559,0.859,4.0,0.3,0.4,0.5,5.1,16.4,0.615,20.7,16.2,2.9,1.5,2.3,15.1,1.9,1.1,-0.5,0.3,3.0,0.163,0.0,.610,6,2009
James White,HOU,4.0,0.0,2.8,0.6,0.5,0.667,0.7,0.0,0.0,0.2,0.2,0.2,1.8,14.6,0.7,0.0,0.0,19.2,4.8,6.6,33.8,0.0,0.0,2.4,0.0,0.0,-0.066,0.0,.646,5,2009
Jared Dudley,PHO,68.0,7.0,17.0,0.477,0.392,0.507,0.528,0.676,3.0,0.8,0.8,0.1,5.5,13.5,0.562,12.3,10.5,7.1,2.5,0.5,14.6,1.6,1.1,0.2,0.7,2.7,0.114,0.0,.561,9,2009
Jared Jeffries,NYK,56.0,36.0,23.4,0.44,0.083,0.456,0.441,0.611,4.1,1.4,0.8,0.6,5.3,9.4,0.473,8.9,9.7,8.7,1.8,1.8,12.5,0.3,0.9,-2.6,-0.2,1.2,0.045,0.0,.390,14,2009
Jarrett Jack,IND,82.0,53.0,33.1,0.453,0.353,0.487,0.498,0.852,3.4,4.1,1.1,0.2,13.1,13.1,0.554,9.5,5.6,18.6,1.6,0.5,18.5,2.3,1.8,-1.4,0.4,4.1,0.073,0.0,.439,9,2009
Jarron Collins,UTA,26.0,3.0,7.7,0.457,0.0,0.457,0.457,0.727,1.4,0.3,0.1,0.0,1.5,5.8,0.502,10.1,11.0,4.9,0.5,0.4,10.9,0.1,0.1,-6.1,-0.2,0.2,0.047,0.0,.585,8,2009
Jarvis Hayes,BRK,74.0,1.0,24.8,0.445,0.385,0.489,0.527,0.692,3.6,0.7,0.7,0.1,8.7,10.8,0.537,15.8,8.7,4.9,1.5,0.3,16.6,1.0,1.2,-2.2,-0.1,2.1,0.055,0.0,.415,11,2009
Jason Collins,MIN,31.0,22.0,13.6,0.314,0.0,0.314,0.314,0.464,2.3,0.4,0.3,0.4,1.8,3.3,0.346,12.1,9.7,3.7,1.1,2.4,10.1,-0.4,0.3,-7.2,-0.6,-0.2,-0.018,0.0,.293,11,2009
Jason Hart,LAC,39.0,2.0,8.9,0.319,0.0,0.341,0.319,0.783,1.2,1.2,0.3,0.1,2.0,6.5,0.375,11.2,7.6,20.9,1.8,0.9,16.5,-0.5,0.2,-5.7,-0.3,-0.3,-0.048,0.0,.232,14,2009
Jason Kapono,TOR,80.0,12.0,22.9,0.432,0.428,0.435,0.513,0.81,2.0,1.3,0.3,0.0,8.2,8.9,0.525,8.7,5.2,9.1,0.6,0.1,17.4,0.3,0.5,-3.2,-0.6,0.8,0.021,0.0,.402,13,2009
Jason Kidd,DAL,81.0,81.0,35.6,0.416,0.406,0.427,0.522,0.819,6.2,8.7,2.0,0.5,9.0,16.9,0.55,16.4,9.9,34.7,2.9,1.0,13.5,4.6,3.9,3.6,4.0,8.5,0.141,0.0,.610,6,2009
Jason Maxiell,DET,78.0,4.0,18.1,0.575,0.0,0.577,0.575,0.532,4.2,0.3,0.3,0.8,5.8,15.8,0.58,13.2,13.7,2.8,1.0,3.5,14.7,2.6,1.5,-0.6,0.5,4.1,0.141,0.0,.476,8,2009
Jason Richardson,PHO,72.0,71.0,33.5,0.477,0.397,0.518,0.544,0.769,4.4,2.0,1.1,0.4,16.8,16.7,0.571,11.5,7.8,9.8,1.6,0.9,21.5,4.3,1.5,1.2,2.0,5.8,0.116,0.0,.561,9,2009
Jason Terry,DAL,74.0,11.0,33.7,0.463,0.366,0.525,0.535,0.88,2.4,3.4,1.3,0.3,19.6,19.3,0.571,6.3,4.1,17.6,2.0,0.6,25.5,5.4,1.9,2.9,3.1,7.3,0.14,0.0,.610,6,2009
Jason Thompson,SAC,82.0,56.0,28.1,0.497,0.0,0.502,0.497,0.692,7.4,1.1,0.6,0.7,11.1,13.9,0.54,19.0,15.4,6.8,1.0,1.9,19.3,1.8,0.9,-4.2,-1.3,2.7,0.057,0.0,.207,15,2009
Javaris Crittenton,WAS,63.0,10.0,18.6,0.46,0.133,0.478,0.463,0.576,2.6,2.4,0.6,0.1,5.0,10.4,0.487,11.2,8.3,19.8,1.8,0.4,15.8,-0.3,0.3,-4.3,-0.7,0.0,0.0,0.0,.232,15,2009
Jawad Williams,CLE,10.0,0.0,2.0,0.417,0.333,0.5,0.5,0.0,0.2,0.0,0.1,0.0,1.2,14.1,0.5,5.7,6.0,0.0,2.7,0.0,30.7,0.0,0.0,-3.5,0.0,0.0,0.045,0.0,.805,1,2009
Jeff Foster,IND,74.0,26.0,24.7,0.501,0.286,0.506,0.504,0.658,6.9,1.8,0.7,0.7,6.1,13.0,0.542,17.8,15.3,9.9,1.4,2.0,12.0,2.3,1.9,-0.6,0.7,4.2,0.111,0.0,.439,9,2009
Jeff Green,OKC,78.0,78.0,36.8,0.446,0.389,0.463,0.491,0.788,6.7,2.0,1.0,0.4,16.5,13.9,0.536,16.3,10.4,9.1,1.4,0.8,21.2,1.8,2.4,-1.2,0.6,4.2,0.07,0.0,.280,13,2009
Jeremy Richardson,ORL,12.0,0.0,7.8,0.286,0.353,0.25,0.347,0.5,1.2,0.2,0.0,0.0,3.1,2.8,0.358,15.4,8.5,5.5,0.0,0.0,27.1,-0.3,0.1,-10.3,-0.2,-0.2,-0.107,0.0,.720,3,2009
Jermaine O'Neal,TOR,68.0,61.0,29.8,0.474,0.0,0.475,0.474,0.788,6.4,1.8,0.4,2.0,13.3,15.4,0.522,17.8,12.6,10.3,0.8,5.3,23.2,0.2,2.3,-1.5,0.3,2.6,0.06,0.0,.402,13,2009
Jermareo Davidson,GSW,14.0,0.0,7.9,0.486,0.0,0.486,0.486,0.471,2.4,0.1,0.1,0.2,3.0,12.3,0.494,23.5,16.7,1.4,0.9,1.9,18.3,0.0,0.1,-5.2,-0.1,0.1,0.036,0.0,.354,10,2009
Jerome James,NYK,2.0,0.0,5.0,0.375,0.0,0.375,0.375,0.0,1.5,0.0,0.5,0.5,3.0,12.5,0.375,22.6,16.4,0.0,5.0,7.3,39.2,-0.1,0.0,-7.8,0.0,0.0,-0.162,0.0,.390,14,2009
Jerry Stackhouse,DAL,10.0,1.0,16.2,0.267,0.158,0.317,0.292,1.0,1.7,1.2,0.4,0.1,4.2,3.4,0.333,8.4,6.0,10.7,1.3,0.5,20.4,-0.5,0.1,-7.5,-0.2,-0.4,-0.11,0.0,.610,6,2009
Jerryd Bayless,POR,53.0,0.0,12.4,0.365,0.259,0.383,0.384,0.806,1.1,1.5,0.3,0.0,4.3,8.2,0.487,9.4,5.4,18.2,1.4,0.2,20.9,-0.2,0.5,-5.0,-0.5,0.3,0.019,0.0,.659,3,2009
Joakim Noah,CHI,80.0,55.0,24.2,0.556,0.0,0.558,0.556,0.676,7.6,1.3,0.6,1.4,6.7,16.5,0.594,21.3,17.9,8.1,1.3,4.1,12.3,3.8,2.7,1.1,1.5,6.4,0.159,0.0,.500,7,2009
Joe Alexander,MIL,59.0,0.0,12.1,0.416,0.348,0.432,0.449,0.699,1.9,0.7,0.3,0.5,4.7,10.1,0.494,12.3,9.5,9.5,1.1,3.4,20.9,-0.3,0.7,-3.5,-0.3,0.4,0.03,0.0,.415,12,2009
Joe Crawford,NYK,2.0,0.0,11.5,0.3,0.25,0.333,0.35,1.0,2.0,0.5,0.5,0.0,4.5,10.8,0.414,14.8,9.5,6.5,2.2,0.0,20.6,0.0,0.0,-2.7,0.0,0.0,0.037,0.0,.390,14,2009
Joe Johnson,ATL,79.0,79.0,39.5,0.437,0.36,0.468,0.489,0.826,4.4,5.8,1.1,0.2,21.4,18.2,0.534,10.5,6.5,26.4,1.4,0.5,26.6,5.1,2.5,1.8,3.1,7.6,0.116,0.0,.573,4,2009
Joe Smith,OKC,57.0,3.0,19.3,0.468,0.429,0.469,0.473,0.72,4.6,0.7,0.3,0.7,6.6,13.8,0.507,18.3,13.9,6.0,0.8,2.7,16.2,1.4,1.4,-1.2,0.2,2.7,0.118,0.0,.280,13,2009
Joel Anthony,MIA,65.0,28.0,16.1,0.483,0.0,0.483,0.483,0.652,3.0,0.4,0.3,1.4,2.2,9.3,0.521,12.4,11.2,3.7,1.0,7.2,8.0,0.4,1.4,-2.7,-0.2,1.7,0.079,0.0,.524,5,2009
Joel Przybilla,POR,82.0,43.0,23.8,0.625,0.0,0.627,0.625,0.663,8.7,0.3,0.4,1.2,5.5,15.4,0.652,33.1,22.8,2.0,1.0,3.9,10.2,3.2,3.4,0.9,1.4,6.6,0.163,0.0,.659,3,2009
Joey Dorsey,HOU,3.0,0.0,2.0,0.5,0.0,0.5,0.5,0.0,0.3,0.3,0.0,0.0,0.7,16.1,0.5,18.7,9.7,28.7,0.0,0.0,15.5,0.0,0.0,0.3,0.0,0.0,0.156,0.0,.646,5,2009
Joey Graham,TOR,78.0,10.0,19.8,0.481,0.188,0.491,0.484,0.825,3.7,0.6,0.4,0.2,7.7,11.9,0.542,14.9,11.1,5.0,1.2,0.6,18.7,1.1,1.1,-3.5,-0.6,2.2,0.068,0.0,.402,13,2009
Johan Petro,OKC,49.0,22.0,11.4,0.415,0.0,0.42,0.415,0.552,3.2,0.3,0.4,0.3,3.3,8.1,0.429,23.9,16.3,4.5,1.7,2.0,17.2,-0.6,0.8,-5.4,-0.5,0.2,0.018,0.0,.280,13,2009
John Salmons,SAC,79.0,74.0,37.5,0.472,0.417,0.493,0.53,0.83,4.2,3.2,1.1,0.3,18.3,16.0,0.58,10.8,6.5,14.5,1.4,0.6,21.3,4.7,0.8,0.3,1.7,5.6,0.09,0.0,.207,15,2009
Jordan Farmar,LAL,65.0,0.0,18.3,0.391,0.336,0.421,0.45,0.584,1.8,2.4,0.9,0.2,6.4,9.9,0.466,8.9,5.5,18.6,2.4,0.6,19.6,-0.7,1.5,-2.6,-0.2,0.8,0.034,0.0,.793,1,2009
Josh Boone,BRK,62.0,7.0,16.0,0.528,0.0,0.528,0.528,0.376,4.2,0.5,0.4,0.8,4.2,13.3,0.513,18.7,15.4,5.0,1.2,3.9,13.3,0.9,0.9,-1.7,0.1,1.8,0.089,0.0,.415,11,2009
Josh Howard,DAL,52.0,51.0,32.0,0.451,0.345,0.48,0.488,0.782,5.1,1.6,1.1,0.6,18.0,17.0,0.532,14.0,9.1,8.6,1.7,1.3,26.7,1.5,1.7,0.0,0.8,3.2,0.091,0.0,.610,6,2009
Josh McRoberts,IND,33.0,0.0,8.5,0.422,0.0,0.479,0.422,0.769,2.2,0.5,0.4,0.5,2.4,12.5,0.451,19.1,14.6,8.4,2.1,4.3,15.7,0.0,0.4,-2.3,0.0,0.4,0.073,0.0,.439,9,2009
Josh Powell,LAL,60.0,1.0,11.7,0.444,0.0,0.444,0.444,0.76,2.9,0.4,0.2,0.3,4.2,9.9,0.479,16.7,14.1,5.6,0.7,1.9,19.5,-0.3,0.9,-6.4,-0.8,0.6,0.043,0.0,.793,1,2009
Josh Smith,ATL,69.0,69.0,35.1,0.492,0.299,0.514,0.508,0.588,7.2,2.4,1.4,1.6,15.6,17.2,0.533,17.6,12.1,12.1,2.1,3.5,22.6,1.3,3.6,1.7,2.3,4.9,0.097,0.0,.573,4,2009
José Calderón,TOR,68.0,68.0,34.3,0.497,0.406,0.538,0.561,0.981,2.9,8.9,1.1,0.1,12.8,18.8,0.613,8.9,4.9,41.0,1.7,0.2,16.9,6.2,1.3,2.8,2.8,7.5,0.154,0.0,.402,13,2009
Juan Dixon,WAS,50.0,6.0,16.3,0.395,0.333,0.42,0.443,0.872,1.3,2.4,0.7,0.1,5.2,9.3,0.478,8.7,4.8,22.7,2.3,0.6,19.1,-0.8,0.2,-4.4,-0.5,-0.5,-0.031,0.0,.232,15,2009
Julian Wright,NOP,54.0,19.0,14.3,0.466,0.095,0.502,0.47,0.567,2.8,0.8,0.6,0.4,4.4,12.6,0.479,16.6,11.9,9.4,2.5,2.1,18.1,-0.4,1.2,-0.9,0.2,0.8,0.048,0.0,.598,7,2009
Juwan Howard,DEN,42.0,2.0,11.2,0.51,0.0,0.51,0.51,0.676,1.8,0.6,0.2,0.1,4.1,10.9,0.534,11.9,9.9,9.7,0.8,1.0,18.8,0.2,0.4,-3.6,-0.2,0.7,0.067,0.0,.659,2,2009
Kareem Rush,PHI,25.0,1.0,8.0,0.345,0.303,0.4,0.431,1.0,0.6,0.6,0.2,0.0,2.2,6.3,0.452,9.1,4.5,11.5,1.3,0.4,16.0,-0.1,0.1,-3.9,-0.1,0.0,-0.003,0.0,.500,6,2009
Keith Bogans,ORL,65.0,15.0,19.6,0.367,0.339,0.425,0.481,0.912,3.1,1.0,0.7,0.1,5.6,9.7,0.521,15.6,9.1,7.7,1.8,0.2,14.0,0.7,1.9,-0.4,0.5,2.5,0.096,0.0,.720,3,2009
Kelenna Azubuike,GSW,74.0,51.0,32.1,0.464,0.448,0.469,0.52,0.808,5.0,1.6,0.8,0.7,14.4,14.7,0.562,11.8,8.5,7.6,1.2,1.5,18.7,3.6,0.5,-0.5,0.9,4.1,0.083,0.0,.354,10,2009
Kendrick Perkins,BOS,76.0,76.0,29.6,0.577,0.0,0.58,0.577,0.6,8.1,1.3,0.3,2.0,8.5,13.2,0.591,21.4,16.7,6.5,0.5,5.3,14.8,1.1,4.5,0.1,1.2,5.6,0.119,0.0,.756,2,2009
Kenny Thomas,SAC,8.0,0.0,7.8,0.375,0.0,0.375,0.375,0.0,1.9,0.1,0.8,0.1,0.8,8.8,0.375,20.9,14.1,2.3,4.9,1.2,6.5,0.0,0.1,-1.9,0.0,0.1,0.056,0.0,.207,15,2009
Kenyon Martin,DEN,66.0,66.0,32.0,0.491,0.368,0.498,0.502,0.604,6.0,2.0,1.5,1.1,11.7,13.6,0.523,16.8,10.9,10.0,2.3,2.7,17.7,0.9,3.1,0.3,1.2,4.0,0.09,0.0,.659,2,2009
Kevin Durant,OKC,74.0,74.0,39.0,0.476,0.422,0.486,0.51,0.863,6.5,2.8,1.3,0.7,25.3,20.8,0.577,16.4,9.6,13.5,1.7,1.4,28.3,5.2,2.7,3.3,3.8,7.9,0.132,0.0,.280,13,2009
Kevin Garnett,BOS,57.0,57.0,31.1,0.531,0.25,0.534,0.532,0.841,8.5,2.5,1.1,1.2,15.8,21.2,0.563,26.7,16.6,14.7,1.9,3.1,23.4,3.0,4.1,5.7,3.5,7.1,0.193,0.0,.756,2,2009
Kevin Love,MIN,81.0,37.0,25.3,0.459,0.105,0.469,0.461,0.789,9.1,1.0,0.4,0.6,11.1,18.3,0.538,27.3,21.0,6.8,0.9,1.9,21.0,3.4,1.9,-1.1,0.4,5.3,0.124,0.0,.293,11,2009
Kevin Martin,SAC,51.0,46.0,38.2,0.42,0.415,0.423,0.491,0.867,3.6,2.7,1.2,0.2,24.6,19.2,0.601,9.3,5.5,12.3,1.6,0.3,27.4,4.7,0.1,0.5,1.3,4.7,0.117,0.0,.207,15,2009
Kevin Ollie,MIN,50.0,21.0,17.0,0.407,0.0,0.409,0.407,0.833,1.5,2.3,0.4,0.1,4.0,9.9,0.525,8.9,5.2,20.2,1.2,0.4,12.0,0.9,0.3,-3.1,-0.3,1.2,0.067,0.0,.293,11,2009
Keyon Dooling,BRK,77.0,18.0,26.9,0.436,0.421,0.446,0.519,0.825,2.0,3.5,0.9,0.1,9.7,13.6,0.562,7.6,4.5,21.3,1.8,0.3,17.4,2.8,0.9,-0.5,0.7,3.7,0.085,0.0,.415,11,2009
Kirk Hinrich,CHI,51.0,4.0,26.3,0.437,0.408,0.456,0.519,0.791,2.4,3.9,1.3,0.4,9.9,13.9,0.551,9.1,5.3,22.7,2.5,1.0,18.1,1.3,1.3,0.9,1.0,2.6,0.092,0.0,.500,7,2009
Kobe Bryant,LAL,82.0,82.0,36.1,0.467,0.351,0.496,0.502,0.856,5.2,4.9,1.5,0.5,26.8,24.4,0.561,12.8,8.2,23.8,2.1,1.0,32.2,8.6,4.0,5.9,5.9,12.7,0.206,0.577,.793,1,2009
Kosta Koufos,UTA,48.0,7.0,11.8,0.508,0.0,0.508,0.508,0.706,2.9,0.4,0.2,0.6,4.7,15.2,0.54,18.6,14.6,5.7,1.1,4.3,18.5,0.6,0.7,-1.4,0.1,1.3,0.112,0.0,.585,8,2009
Kris Humphries,TOR,29.0,0.0,9.1,0.422,0.0,0.422,0.422,0.792,2.4,0.3,0.3,0.2,3.9,16.3,0.513,20.2,15.5,6.0,1.6,1.8,20.7,0.4,0.3,-1.7,0.0,0.7,0.125,0.0,.402,13,2009
Kurt Thomas,SAS,79.0,10.0,17.8,0.503,0.0,0.507,0.503,0.822,5.1,0.8,0.4,0.7,4.3,14.0,0.53,22.7,17.2,7.2,1.3,3.1,12.6,1.8,2.7,-0.3,0.6,4.5,0.152,0.0,.659,4,2009
Kwame Brown,DET,58.0,30.0,17.2,0.533,0.0,0.533,0.533,0.516,5.0,0.6,0.4,0.4,4.2,11.5,0.546,24.0,17.2,4.9,1.3,1.9,13.0,0.5,1.4,-2.5,-0.1,1.9,0.093,0.0,.476,8,2009
Kyle Korver,UTA,78.0,2.0,24.0,0.438,0.386,0.485,0.529,0.882,3.3,1.8,0.6,0.4,9.0,12.1,0.572,14.2,8.2,11.1,1.3,1.3,16.9,1.9,1.8,0.1,1.0,3.7,0.095,0.0,.585,8,2009
Kyle Lowry,MEM,77.0,21.0,21.8,0.435,0.255,0.488,0.464,0.801,2.5,3.6,0.9,0.2,7.6,14.4,0.547,11.6,6.8,26.4,2.2,0.8,18.1,1.8,1.8,0.2,0.9,3.6,0.103,0.0,.293,12,2009
Kyle Weaver,OKC,56.0,19.0,20.8,0.459,0.344,0.529,0.524,0.707,2.3,1.8,0.8,0.4,5.3,10.2,0.551,9.9,6.4,13.1,2.1,1.6,12.9,0.2,1.0,-1.2,0.2,1.2,0.049,0.0,.280,13,2009
Kyrylo Fesenko,UTA,21.0,1.0,7.4,0.583,0.0,0.583,0.583,0.333,1.8,0.2,0.3,0.7,2.3,13.0,0.542,17.6,14.2,3.9,2.3,7.6,15.6,0.0,0.3,-3.1,-0.1,0.3,0.095,0.0,.585,8,2009
LaMarcus Aldridge,POR,81.0,81.0,37.1,0.484,0.25,0.489,0.486,0.781,7.5,1.9,1.0,1.0,18.1,19.1,0.529,15.6,12.5,9.3,1.4,2.0,23.7,6.1,3.3,1.3,2.5,9.5,0.151,0.0,.659,3,2009
Lamar Odom,LAL,78.0,32.0,29.7,0.492,0.32,0.522,0.516,0.623,8.2,2.6,1.0,1.3,11.3,16.6,0.542,22.2,15.5,12.8,1.7,3.3,18.1,2.7,4.2,2.0,2.4,6.9,0.143,0.0,.793,1,2009
Larry Hughes,NYK,55.0,20.0,26.9,0.402,0.389,0.409,0.469,0.807,2.9,2.2,1.3,0.3,11.6,13.4,0.515,11.0,6.0,12.6,2.5,0.7,20.6,0.8,1.3,-0.5,0.6,2.1,0.07,0.0,.390,14,2009
LeBron James,CLE,81.0,81.0,37.7,0.489,0.344,0.535,0.53,0.78,7.6,7.2,1.7,1.1,28.4,31.7,0.591,19.0,11.9,38.0,2.4,2.4,33.8,13.7,6.5,13.2,11.8,20.3,0.318,0.969,.805,1,2009
Leandro Barbosa,PHO,70.0,11.0,24.4,0.482,0.375,0.532,0.542,0.881,2.6,2.3,1.2,0.1,14.2,19.4,0.588,9.7,6.2,14.9,2.4,0.3,24.2,4.0,1.0,1.9,1.7,5.0,0.141,0.0,.561,9,2009
Leon Powe,BOS,70.0,7.0,17.5,0.524,0.0,0.524,0.524,0.689,4.9,0.7,0.3,0.5,7.7,17.2,0.591,18.9,17.1,6.0,1.0,2.5,20.2,2.7,2.2,-0.3,0.5,4.9,0.192,0.0,.756,2,2009
Linas Kleiza,DEN,82.0,7.0,22.2,0.447,0.326,0.533,0.515,0.725,4.0,0.8,0.4,0.2,9.9,13.2,0.552,14.5,10.4,5.7,0.9,0.6,20.0,2.1,1.5,-1.5,0.2,3.6,0.095,0.0,.659,2,2009
Lindsey Hunter,CHI,28.0,0.0,9.5,0.329,0.333,0.324,0.427,0.6,0.4,1.3,0.7,0.0,2.6,7.9,0.433,4.3,2.6,20.4,3.9,0.3,17.3,-0.3,0.3,-2.3,0.0,0.0,-0.003,0.0,.500,7,2009
Linton Johnson,CHI,10.0,0.0,5.5,0.364,0.5,0.333,0.409,0.0,0.8,0.2,0.1,0.0,0.9,3.4,0.409,10.4,8.3,5.3,0.9,0.0,10.5,0.0,0.0,-7.7,-0.1,0.0,-0.004,0.0,.500,7,2009
Lorenzen Wright,CLE,17.0,2.0,7.4,0.37,0.0,0.37,0.37,0.375,1.5,0.2,0.2,0.3,1.4,4.0,0.377,16.5,11.9,3.5,1.7,3.2,14.9,-0.3,0.2,-6.7,-0.1,-0.1,-0.022,0.0,.805,1,2009
Lou Amundson,PHO,76.0,0.0,13.7,0.536,0.0,0.538,0.536,0.442,3.6,0.4,0.4,0.9,4.2,13.3,0.53,15.3,15.1,3.7,1.5,4.6,15.1,0.8,1.0,-2.5,-0.1,1.8,0.082,0.0,.561,9,2009
Lou Williams,PHI,81.0,0.0,23.7,0.398,0.286,0.438,0.435,0.79,2.0,3.0,1.0,0.2,12.8,16.3,0.513,8.1,5.2,21.6,2.4,0.6,27.7,1.6,1.7,0.6,1.3,3.4,0.085,0.0,.500,6,2009
Luc Mbah a Moute,MIL,82.0,52.0,25.8,0.462,0.0,0.466,0.462,0.729,5.9,1.1,1.1,0.5,7.2,12.3,0.516,17.4,13.6,6.3,2.1,1.8,14.3,1.2,2.8,-0.8,0.6,4.0,0.092,0.0,.415,12,2009
Luis Scola,HOU,82.0,82.0,30.3,0.531,0.0,0.533,0.531,0.76,8.8,1.5,0.8,0.1,12.7,17.0,0.572,23.4,16.9,8.6,1.5,0.3,19.3,4.3,4.3,0.5,1.6,8.6,0.165,0.0,.646,5,2009
Luke Ridnour,MIL,72.0,50.0,28.2,0.403,0.35,0.42,0.447,0.869,3.0,5.1,1.3,0.2,9.6,12.9,0.5,11.3,6.3,28.2,2.3,0.7,18.0,1.2,2.2,0.0,1.0,3.4,0.081,0.0,.415,12,2009
Luke Walton,LAL,65.0,34.0,17.9,0.436,0.298,0.468,0.464,0.719,2.8,2.7,0.5,0.2,5.0,11.3,0.491,12.0,8.7,21.1,1.4,0.7,15.1,0.7,1.3,-1.0,0.3,2.0,0.083,0.0,.793,1,2009
Luol Deng,CHI,49.0,46.0,34.0,0.448,0.4,0.45,0.455,0.796,6.0,1.9,1.2,0.5,14.1,14.7,0.511,14.7,10.1,9.0,1.9,1.1,20.0,1.3,1.6,-0.4,0.7,3.0,0.085,0.0,.500,7,2009
Luther Head,MIA,32.0,4.0,15.6,0.382,0.37,0.389,0.451,0.792,1.6,1.8,0.5,0.1,4.7,9.9,0.482,10.7,6.2,18.1,1.8,0.3,16.8,0.0,0.6,-2.0,0.0,0.6,0.058,0.0,.524,5,2009
Maceo Baston,IND,27.0,0.0,8.0,0.543,0.0,0.556,0.543,0.63,1.9,0.3,0.2,0.4,2.5,12.3,0.579,15.4,13.2,4.6,1.4,3.4,14.0,0.2,0.2,-3.2,-0.1,0.5,0.105,0.0,.439,9,2009
Malik Allen,MIL,49.0,3.0,11.8,0.429,0.0,0.432,0.429,0.476,2.1,0.7,0.1,0.2,3.2,7.3,0.435,14.5,10.5,9.5,0.6,1.7,15.4,-0.2,0.5,-4.5,-0.4,0.3,0.024,0.0,.415,12,2009
Malik Hairston,SAS,15.0,0.0,10.3,0.49,0.0,0.5,0.49,0.286,1.9,0.9,0.4,0.5,3.3,12.0,0.48,12.9,10.8,13.8,2.1,3.3,20.0,-0.1,0.3,-2.0,0.0,0.1,0.045,0.0,.659,4,2009
Malik Rose,OKC,38.0,0.0,12.4,0.344,0.0,0.363,0.344,0.784,2.5,0.9,0.3,0.1,3.4,5.3,0.424,19.5,11.6,11.5,1.1,0.5,17.7,-0.8,0.4,-7.1,-0.6,-0.4,-0.039,0.0,.280,13,2009
Manu Ginóbili,SAS,44.0,7.0,26.8,0.454,0.33,0.546,0.524,0.884,4.5,3.6,1.5,0.4,15.5,22.9,0.594,17.3,10.0,23.1,2.9,1.0,27.2,2.7,2.3,6.1,2.4,5.0,0.203,0.0,.659,4,2009
Marc Gasol,MEM,82.0,75.0,30.7,0.53,0.0,0.53,0.53,0.733,7.4,1.7,0.8,1.1,11.9,16.7,0.59,20.0,14.7,9.7,1.3,2.9,18.3,3.7,2.7,-0.1,1.2,6.4,0.121,0.0,.293,12,2009
Marcin Gortat,ORL,63.0,3.0,12.6,0.567,1.0,0.565,0.57,0.578,4.5,0.2,0.3,0.8,3.8,17.0,0.578,26.3,20.3,2.9,1.2,4.8,13.5,1.4,1.9,1.1,0.6,3.3,0.202,0.0,.720,3,2009
Marco Belinelli,GSW,42.0,23.0,21.0,0.442,0.397,0.473,0.524,0.769,1.7,2.1,0.9,0.0,8.9,11.8,0.547,7.5,4.4,15.3,2.0,0.1,19.3,0.4,0.1,-2.3,-0.1,0.5,0.028,0.0,.354,10,2009
Marcus Banks,TOR,22.0,0.0,9.4,0.368,0.158,0.474,0.395,0.611,0.8,1.3,0.5,0.1,2.5,7.8,0.431,9.9,5.2,20.6,2.8,0.8,17.9,-0.3,0.2,-4.1,-0.1,0.0,-0.008,0.0,.402,13,2009
Marcus Camby,LAC,62.0,55.0,31.0,0.512,0.25,0.514,0.513,0.725,11.1,2.0,0.8,2.1,10.3,18.7,0.556,32.7,20.7,10.8,1.4,5.1,15.8,2.3,2.9,2.2,2.0,5.2,0.129,0.0,.232,14,2009
Marcus Williams,SAS,9.0,0.0,6.0,0.235,0.333,0.182,0.294,0.333,0.4,1.4,0.1,0.1,1.3,3.7,0.305,8.1,4.0,32.6,0.9,1.3,18.7,-0.1,0.0,-8.2,-0.1,-0.1,-0.127,0.0,.659,4,2009
Mardy Collins,NYK,48.0,14.0,18.5,0.425,0.419,0.426,0.451,0.609,2.2,2.3,0.6,0.2,5.2,9.5,0.47,10.1,6.9,19.8,1.8,0.8,16.6,-0.5,0.4,-3.5,-0.3,-0.1,-0.003,0.0,.390,14,2009
Mario Chalmers,MIA,82.0,82.0,32.0,0.42,0.367,0.467,0.506,0.767,2.8,4.9,2.0,0.1,10.0,13.3,0.548,8.8,5.2,23.5,3.3,0.2,16.3,2.1,3.1,-0.4,1.0,5.2,0.095,0.0,.524,5,2009
Mario West,ATL,53.0,3.0,5.1,0.412,1.0,0.394,0.426,0.467,1.1,0.4,0.3,0.1,0.8,10.0,0.456,13.9,12.2,10.1,3.6,1.1,10.5,0.0,0.4,-0.3,0.1,0.4,0.08,0.0,.573,4,2009
Mark Blount,MIA,20.0,0.0,10.4,0.385,0.407,0.373,0.455,0.615,2.0,0.2,0.0,0.4,4.0,8.7,0.472,18.1,11.8,3.1,0.3,2.8,22.2,-0.3,0.2,-5.8,-0.2,-0.1,-0.024,0.0,.524,5,2009
Mark Madsen,MIN,19.0,1.0,6.1,0.214,0.0,0.214,0.214,0.0,0.9,0.2,0.1,0.1,0.3,-0.1,0.19,8.4,9.1,4.7,0.5,0.7,7.3,-0.2,0.0,-10.0,-0.2,-0.1,-0.061,0.0,.293,11,2009
Marko Jarić,MEM,53.0,0.0,11.4,0.331,0.393,0.316,0.369,0.707,1.2,1.4,0.5,0.2,2.6,7.3,0.417,8.6,6.6,19.0,2.6,1.5,16.4,-0.9,0.5,-4.3,-0.4,-0.4,-0.03,0.0,.293,12,2009
Marquis Daniels,IND,54.0,43.0,31.5,0.451,0.2,0.489,0.464,0.721,4.6,2.1,1.1,0.5,13.6,12.8,0.491,11.0,8.0,10.7,1.8,1.1,21.5,-0.1,1.4,-1.9,0.0,1.3,0.037,0.0,.439,9,2009
Marreese Speights,PHI,79.0,2.0,16.0,0.502,0.25,0.506,0.504,0.773,3.7,0.4,0.3,0.7,7.7,17.9,0.543,16.3,13.9,4.2,1.1,3.6,21.9,2.4,1.5,-1.4,0.2,3.8,0.146,0.0,.500,6,2009
Martell Webster,POR,1.0,0.0,5.0,0.0,0.0,0.0,0.0,0.0,0.0,0.0,0.0,0.0,0.0,-8.4,0.0,0.0,0.0,0.0,0.0,0.0,9.4,0.0,0.0,-14.2,0.0,0.0,-0.204,0.0,.659,3,2009
Marvin Williams,ATL,61.0,59.0,34.3,0.458,0.355,0.493,0.502,0.806,6.3,1.3,0.9,0.6,13.9,16.0,0.569,15.2,10.7,6.3,1.5,1.4,18.2,3.9,2.2,0.8,1.5,6.1,0.14,0.0,.573,4,2009
Matt Barnes,PHO,77.0,40.0,27.0,0.423,0.343,0.505,0.51,0.743,5.5,2.8,0.7,0.3,10.2,12.6,0.537,18.5,11.8,14.2,1.2,0.9,18.3,1.6,1.4,-0.4,0.8,3.0,0.069,0.0,.561,9,2009
Matt Bonner,SAS,81.0,67.0,23.8,0.496,0.44,0.552,0.606,0.739,4.8,1.0,0.6,0.3,8.2,15.0,0.611,17.6,11.9,6.8,1.3,1.0,14.6,3.8,3.0,2.1,2.0,6.8,0.169,0.0,.659,4,2009
Matt Carroll,DAL,55.0,10.0,11.2,0.38,0.245,0.441,0.418,0.84,1.3,0.5,0.4,0.1,3.0,5.5,0.451,12.2,6.8,7.2,1.8,0.8,16.4,-0.8,0.7,-4.8,-0.4,-0.1,-0.008,0.0,.610,6,2009
Matt Harpring,UTA,63.0,2.0,11.0,0.461,0.0,0.464,0.461,0.764,2.0,0.4,0.5,0.1,4.4,12.3,0.508,13.1,10.6,6.4,2.2,1.0,19.5,0.4,0.8,-2.8,-0.2,1.2,0.086,0.0,.585,8,2009
Maurice Ager,BRK,20.0,0.0,4.8,0.349,0.0,0.405,0.349,0.5,0.5,0.2,0.0,0.1,1.7,2.2,0.365,8.7,6.1,5.3,0.6,1.7,24.4,-0.3,0.0,-10.7,-0.2,-0.3,-0.133,0.0,.415,11,2009
Maurice Evans,ATL,80.0,25.0,23.0,0.432,0.395,0.47,0.533,0.822,3.0,0.7,0.6,0.1,7.2,11.1,0.558,9.9,7.7,4.6,1.5,0.4,14.2,2.3,1.5,-0.8,0.6,3.8,0.099,0.0,.573,4,2009
Mehmet Okur,UTA,72.0,72.0,33.5,0.485,0.446,0.497,0.536,0.817,7.7,1.7,0.8,0.7,17.0,17.5,0.592,21.5,13.8,8.1,1.2,1.7,21.7,4.5,2.9,1.3,2.0,7.4,0.148,0.0,.585,8,2009
Melvin Ely,NOP,31.0,4.0,12.0,0.389,0.0,0.389,0.389,0.639,2.1,0.6,0.1,0.3,3.1,6.0,0.438,11.0,10.4,7.6,0.3,2.0,17.3,-0.3,0.3,-7.3,-0.5,-0.1,-0.008,0.0,.598,7,2009
Metta World Peace,HOU,69.0,55.0,35.5,0.401,0.399,0.402,0.475,0.748,5.2,3.3,1.5,0.3,17.1,15.6,0.512,13.4,8.5,16.2,2.3,0.7,24.5,1.6,4.0,1.9,2.4,5.5,0.108,0.0,.646,5,2009
Michael Beasley,MIA,81.0,19.0,24.8,0.472,0.407,0.478,0.49,0.772,5.4,1.0,0.5,0.5,13.9,17.2,0.528,19.8,13.1,7.7,1.1,1.5,27.7,1.2,2.2,-1.7,0.1,3.4,0.081,0.0,.524,5,2009
Michael Finley,SAS,81.0,77.0,28.8,0.437,0.411,0.459,0.532,0.823,3.3,1.4,0.5,0.2,9.7,11.4,0.547,12.3,6.9,7.7,0.9,0.5,16.1,1.6,2.8,-0.4,1.0,4.4,0.091,0.0,.659,4,2009
Michael Redd,MIL,33.0,32.0,36.5,0.455,0.366,0.503,0.519,0.814,3.2,2.7,1.1,0.1,21.2,17.9,0.566,8.5,5.3,13.2,1.5,0.1,25.0,2.3,0.9,2.2,1.3,3.2,0.128,0.0,.415,12,2009
Michael Ruffin,POR,11.0,0.0,3.2,0.286,0.0,0.286,0.286,1.0,1.0,0.0,0.3,0.1,0.5,10.3,0.381,18.0,19.5,0.0,4.7,2.3,13.3,0.0,0.1,-3.0,0.0,0.1,0.08,0.0,.659,3,2009
Mickaël Piétrus,ORL,54.0,25.0,24.6,0.413,0.359,0.473,0.507,0.709,3.3,1.2,0.6,0.4,9.4,11.6,0.538,10.9,7.5,8.0,1.2,1.3,18.4,1.0,2.0,0.3,0.8,3.0,0.108,0.0,.720,3,2009
Mike Bibby,ATL,79.0,79.0,34.7,0.435,0.39,0.468,0.518,0.789,3.5,5.0,1.2,0.1,14.9,16.3,0.544,10.3,6.0,24.2,1.9,0.3,20.6,4.4,2.5,2.0,2.8,6.9,0.121,0.0,.573,4,2009
Mike Conley,MEM,82.0,61.0,30.6,0.442,0.406,0.458,0.503,0.817,3.4,4.3,1.1,0.1,10.9,14.3,0.548,12.5,6.8,23.7,1.9,0.3,17.9,2.7,1.9,-0.3,1.1,4.5,0.086,0.0,.293,12,2009
Mike Dunleavy,IND,18.0,14.0,27.5,0.401,0.356,0.43,0.47,0.815,3.8,2.4,0.7,0.5,15.1,14.4,0.52,12.1,7.6,14.2,1.2,1.3,26.3,0.1,0.4,-1.0,0.1,0.5,0.048,0.0,.439,9,2009
Mike James,WAS,61.0,50.0,27.0,0.383,0.375,0.388,0.45,0.829,2.2,3.3,0.7,0.1,8.7,9.7,0.483,7.9,4.7,19.1,1.4,0.3,17.8,-0.2,0.0,-3.9,-0.8,-0.1,-0.004,0.0,.232,15,2009
Mike Miller,MIN,73.0,47.0,32.3,0.482,0.378,0.554,0.559,0.732,6.6,4.5,0.4,0.4,9.9,13.8,0.588,21.2,12.0,21.6,0.7,1.0,14.5,2.8,1.4,1.1,1.8,4.2,0.086,0.0,.293,11,2009
Mike Taylor,LAC,51.0,5.0,15.1,0.412,0.325,0.427,0.436,0.691,1.7,2.1,0.7,0.0,5.7,10.1,0.477,10.0,6.5,22.9,2.4,0.0,22.2,-0.9,0.4,-5.2,-0.6,-0.4,-0.028,0.0,.232,14,2009
Mikki Moore,SAC,70.0,20.0,17.2,0.553,0.0,0.553,0.553,0.787,3.7,0.8,0.2,0.3,3.9,8.9,0.593,17.7,12.7,6.6,0.7,1.2,10.6,1.2,0.9,-3.5,-0.5,2.1,0.083,0.0,.207,15,2009
Mo Williams,CLE,81.0,81.0,35.0,0.467,0.436,0.486,0.548,0.912,3.4,4.1,0.9,0.1,17.8,17.2,0.588,9.4,5.9,20.1,1.3,0.3,23.4,6.1,3.7,2.3,3.1,9.8,0.165,0.0,.805,1,2009
Monta Ellis,GSW,25.0,25.0,35.7,0.451,0.308,0.46,0.46,0.83,4.3,3.7,1.6,0.3,19.0,14.5,0.503,11.5,6.6,17.5,2.1,0.6,25.8,-0.1,0.3,-3.4,-0.3,0.2,0.012,0.0,.354,10,2009
Morris Almond,UTA,25.0,1.0,10.2,0.407,0.294,0.438,0.438,0.808,1.4,0.3,0.2,0.2,3.7,7.3,0.498,12.6,8.4,4.2,0.8,1.2,19.1,-0.1,0.2,-6.3,-0.3,0.1,0.01,0.0,.585,8,2009
Morris Peterson,NOP,43.0,9.0,12.0,0.399,0.388,0.408,0.489,0.632,2.0,0.4,0.3,0.0,4.4,10.7,0.499,16.6,9.9,5.2,1.6,0.3,19.3,0.0,0.6,-2.1,0.0,0.6,0.058,0.0,.598,7,2009
Mouhamed Sene,OKC,6.0,0.0,4.8,0.667,0.0,0.667,0.667,0.8,2.3,0.0,0.2,0.5,3.3,32.9,0.746,35.9,27.3,0.0,1.8,7.6,26.5,0.1,0.1,8.5,0.1,0.2,0.274,0.0,.280,13,2009
Nate Robinson,NYK,74.0,11.0,29.9,0.437,0.325,0.504,0.498,0.841,3.9,4.1,1.3,0.1,17.2,18.9,0.549,9.8,7.2,22.9,2.1,0.2,25.6,4.4,1.5,2.4,2.4,5.9,0.128,0.0,.390,14,2009
Nathan Jawai,TOR,6.0,0.0,3.2,0.25,0.0,0.25,0.25,0.0,0.3,0.0,0.0,0.0,0.3,-7.6,0.25,6.1,6.2,0.0,0.0,0.0,14.6,-0.1,0.0,-18.3,-0.1,-0.1,-0.233,0.0,.402,13,2009
Nazr Mohammed,CHO,39.0,1.0,8.7,0.406,0.0,0.406,0.406,0.55,2.0,0.2,0.1,0.4,2.7,7.7,0.438,15.9,14.3,3.9,0.8,3.9,19.6,-0.4,0.5,-7.1,-0.4,0.0,0.004,0.0,.427,10,2009
Nenad Krstić,OKC,46.0,29.0,24.8,0.469,0.0,0.469,0.469,0.797,5.5,0.6,0.5,1.1,9.7,13.6,0.504,17.2,12.8,4.3,0.9,3.2,18.9,0.6,1.1,-2.6,-0.2,1.7,0.07,0.0,.280,13,2009
Nenê,DEN,77.0,76.0,32.6,0.604,0.2,0.607,0.604,0.723,7.8,1.4,1.2,1.3,14.6,18.8,0.645,18.7,13.8,7.1,1.9,3.1,18.1,5.6,3.7,2.0,2.6,9.3,0.177,0.0,.659,2,2009
Nick Collison,OKC,71.0,40.0,25.8,0.568,0.0,0.57,0.568,0.721,6.9,0.9,0.7,0.7,8.2,14.8,0.599,19.7,15.4,5.8,1.4,2.0,13.5,3.0,2.0,-1.2,0.4,5.0,0.13,0.0,.280,13,2009
Nick Young,WAS,82.0,5.0,22.4,0.444,0.341,0.473,0.481,0.85,1.8,1.2,0.5,0.2,10.9,13.1,0.53,7.8,4.8,9.0,1.1,0.9,23.1,1.2,-0.1,-3.3,-0.6,1.2,0.03,0.0,.232,15,2009
Nicolas Batum,POR,79.0,76.0,18.4,0.446,0.369,0.513,0.532,0.808,2.8,0.9,0.6,0.5,5.4,12.9,0.555,11.8,9.4,7.8,1.9,2.2,14.0,2.1,1.6,1.4,1.2,3.7,0.123,0.0,.659,3,2009
O.J. Mayo,MEM,82.0,82.0,38.0,0.438,0.384,0.461,0.495,0.879,3.8,3.2,1.1,0.2,18.5,14.2,0.539,10.1,6.1,15.5,1.6,0.3,24.5,1.5,1.8,-1.3,0.6,3.4,0.052,0.0,.293,12,2009
Oleksiy Pecherov,WAS,32.0,0.0,8.7,0.386,0.326,0.431,0.455,0.828,2.4,0.1,0.2,0.1,3.6,14.5,0.51,17.9,16.1,1.2,1.1,0.9,20.3,0.4,0.1,-4.2,-0.2,0.5,0.08,0.0,.232,15,2009
Othello Hunter,ATL,16.0,0.0,5.8,0.55,0.0,0.55,0.55,0.0,1.5,0.1,0.1,0.3,1.4,12.1,0.495,19.1,15.3,1.7,1.2,4.2,12.3,0.0,0.1,-2.1,0.0,0.2,0.092,0.0,.573,4,2009
Patrick O'Bryant,TOR,39.0,3.0,6.5,0.536,0.0,0.549,0.536,0.55,1.7,0.3,0.2,0.5,2.6,11.8,0.544,24.2,15.5,7.1,1.2,5.9,20.9,-0.2,0.5,-4.4,-0.2,0.3,0.056,0.0,.402,13,2009
Pau Gasol,LAL,81.0,81.0,37.0,0.567,0.5,0.567,0.567,0.781,9.6,3.5,0.6,1.0,18.9,22.2,0.617,19.3,14.7,14.8,0.9,2.1,20.4,9.8,4.2,4.5,5.0,13.9,0.223,0.0,.793,1,2009
Paul Davis,LAC,27.0,1.0,11.9,0.408,0.0,0.412,0.408,0.794,2.5,0.4,0.4,0.1,4.0,10.7,0.474,14.5,12.1,6.1,1.6,0.7,17.9,0.1,0.2,-4.4,-0.2,0.2,0.037,0.0,.232,14,2009
Paul Millsap,UTA,76.0,38.0,30.1,0.534,0.0,0.537,0.534,0.699,8.6,1.8,1.0,1.0,13.5,18.6,0.576,21.0,17.0,9.8,1.8,2.5,20.0,4.5,3.3,1.1,1.8,7.7,0.162,0.0,.585,8,2009
Paul Pierce,BOS,81.0,81.0,37.5,0.457,0.391,0.48,0.508,0.83,5.6,3.6,1.0,0.3,20.5,17.7,0.582,15.4,9.2,16.3,1.4,0.7,25.4,5.5,4.8,3.1,3.9,10.3,0.164,0.017,.756,2,2009
Peja Stojaković,NOP,61.0,59.0,34.2,0.399,0.378,0.424,0.5,0.894,4.3,1.2,0.9,0.0,13.3,12.5,0.531,12.7,7.6,6.0,1.4,0.1,18.8,1.9,1.9,-0.7,0.7,3.8,0.087,0.0,.598,7,2009
Pops Mensah-Bonsu,TOR,22.0,0.0,12.9,0.379,0.0,0.386,0.379,0.688,5.1,0.3,0.4,0.2,5.0,14.5,0.447,23.8,23.5,3.3,1.7,1.4,23.4,0.0,0.4,-5.5,-0.3,0.3,0.058,0.0,.402,13,2009
Quentin Richardson,NYK,72.0,51.0,26.3,0.393,0.365,0.42,0.483,0.761,4.4,1.6,0.7,0.1,10.2,11.6,0.51,14.8,9.2,9.4,1.2,0.3,18.2,1.0,1.1,-1.2,0.4,2.1,0.054,0.0,.390,14,2009
Quincy Douby,TOR,27.0,0.0,11.1,0.382,0.304,0.438,0.445,0.895,1.2,0.9,0.2,0.2,4.3,10.2,0.486,10.2,6.2,13.6,0.9,1.2,19.8,0.0,0.0,-3.5,-0.1,0.0,0.008,0.0,.402,13,2009
Quinton Ross,MEM,68.0,7.0,17.1,0.382,0.375,0.386,0.446,0.81,1.9,0.7,0.5,0.2,3.9,6.9,0.478,10.4,6.6,6.3,1.5,1.0,12.6,-0.1,0.7,-3.6,-0.5,0.6,0.025,0.0,.293,12,2009
Rafer Alston,ORL,77.0,76.0,31.8,0.385,0.338,0.417,0.454,0.75,2.9,5.3,1.4,0.1,11.7,13.8,0.494,8.8,5.3,27.0,2.3,0.3,19.9,1.7,3.7,0.8,1.8,5.3,0.104,0.0,.720,3,2009
Raja Bell,PHO,67.0,66.0,34.6,0.437,0.421,0.448,0.52,0.853,3.6,2.1,0.7,0.1,11.9,10.7,0.548,10.5,6.4,10.1,1.1,0.3,16.3,2.0,1.6,-1.3,0.4,3.6,0.074,0.0,.561,9,2009
Rajon Rondo,BOS,80.0,80.0,33.0,0.505,0.313,0.518,0.514,0.642,5.2,8.2,1.9,0.1,11.9,18.8,0.543,13.9,9.6,39.7,3.0,0.3,19.2,4.8,5.1,4.0,4.0,9.9,0.179,0.0,.756,2,2009
Ramon Sessions,MIL,79.0,39.0,27.5,0.445,0.176,0.457,0.449,0.794,3.4,5.7,1.1,0.1,12.4,17.6,0.525,11.7,7.3,34.6,2.0,0.3,22.4,3.5,2.1,1.6,1.9,5.6,0.123,0.0,.415,12,2009
Randolph Morris,ATL,23.0,0.0,3.9,0.412,0.0,0.412,0.412,1.0,0.9,0.1,0.1,0.0,0.8,1.8,0.48,21.0,13.2,3.3,1.2,0.9,13.6,-0.1,0.1,-10.5,-0.2,0.0,-0.013,0.0,.573,4,2009
Randy Foye,MIN,70.0,61.0,35.6,0.407,0.36,0.428,0.463,0.846,3.1,4.3,1.0,0.4,16.3,13.7,0.517,8.8,5.0,20.5,1.5,0.8,22.6,2.0,1.1,-0.8,0.8,3.1,0.059,0.0,.293,11,2009
Rashad McCants,SAC,58.0,3.0,19.0,0.393,0.333,0.431,0.458,0.759,1.9,1.2,0.8,0.2,9.6,13.0,0.504,9.7,5.8,10.7,2.2,1.0,25.1,0.0,0.5,-1.9,0.1,0.6,0.025,0.0,.207,15,2009
Rashard Lewis,ORL,79.0,79.0,36.2,0.439,0.397,0.482,0.54,0.836,5.7,2.6,1.0,0.6,17.7,16.8,0.58,13.9,8.9,12.5,1.5,1.3,22.0,4.7,4.8,3.7,4.1,9.5,0.16,0.0,.720,3,2009
Rasheed Wallace,DET,66.0,63.0,32.2,0.419,0.354,0.471,0.498,0.772,7.4,1.4,0.9,1.3,12.0,14.9,0.52,24.6,13.7,7.1,1.6,3.1,18.5,1.6,3.4,2.0,2.1,5.1,0.114,0.0,.476,8,2009
Rasho Nesterović,IND,70.0,19.0,17.3,0.513,0.0,0.514,0.513,0.781,3.4,1.6,0.4,0.5,6.8,14.1,0.524,13.5,10.9,14.3,1.2,2.3,18.5,1.1,1.1,-0.9,0.3,2.2,0.086,0.0,.439,9,2009
Rasual Butler,NOP,82.0,74.0,31.9,0.433,0.39,0.468,0.521,0.782,3.3,0.9,0.6,0.7,11.2,11.8,0.541,10.2,6.3,4.8,1.1,2.0,16.8,2.2,2.4,-0.5,1.0,4.6,0.084,0.0,.598,7,2009
Ray Allen,BOS,79.0,79.0,36.4,0.48,0.409,0.542,0.575,0.952,3.5,2.8,0.9,0.2,18.2,17.3,0.624,8.6,5.9,12.6,1.3,0.4,20.8,7.4,3.7,4.0,4.3,11.1,0.186,0.0,.756,2,2009
Raymond Felton,CHO,82.0,81.0,37.6,0.408,0.285,0.437,0.435,0.805,3.8,6.7,1.5,0.4,14.2,13.7,0.483,10.2,6.2,31.1,2.2,0.8,21.9,0.6,3.7,-0.1,1.4,4.3,0.066,0.0,.427,10,2009
Reggie Evans,PHI,79.0,7.0,14.4,0.444,0.0,0.446,0.444,0.594,4.6,0.3,0.5,0.1,3.3,10.4,0.514,24.0,19.0,3.3,1.9,0.6,13.0,0.3,1.6,-4.2,-0.6,1.9,0.079,0.0,.500,6,2009
Renaldo Balkman,DEN,53.0,10.0,14.7,0.558,0.286,0.568,0.563,0.646,3.8,0.6,0.9,0.4,5.0,16.8,0.585,16.9,15.1,6.9,3.1,2.3,14.9,1.3,1.3,1.4,0.7,2.6,0.162,0.0,.659,2,2009
Richard Hamilton,DET,67.0,51.0,34.0,0.447,0.368,0.464,0.48,0.848,3.1,4.4,0.6,0.1,18.3,16.9,0.529,8.6,5.4,23.9,1.0,0.1,27.0,3.1,1.4,0.1,1.2,4.5,0.095,0.0,.476,8,2009
Richard Jefferson,MIL,82.0,82.0,35.8,0.439,0.397,0.453,0.487,0.805,4.6,2.4,0.8,0.2,19.6,15.4,0.554,13.3,7.5,11.7,1.2,0.4,24.6,4.2,2.4,0.2,1.6,6.6,0.109,0.0,.415,12,2009
Ricky Davis,LAC,36.0,9.0,21.8,0.339,0.315,0.358,0.41,0.861,1.7,2.3,0.5,0.1,6.4,7.1,0.445,7.7,4.4,16.4,1.3,0.5,17.4,-0.6,0.2,-6.3,-0.9,-0.4,-0.027,0.0,.232,14,2009
Rob Kurz,GSW,40.0,5.0,11.0,0.389,0.395,0.387,0.447,0.8,2.0,0.5,0.4,0.5,3.9,11.8,0.513,11.8,10.0,6.5,1.5,3.0,16.3,0.5,0.2,-2.7,-0.1,0.7,0.074,0.0,.354,10,2009
Robert Swift,OKC,26.0,10.0,13.2,0.521,0.0,0.521,0.521,0.75,3.4,0.3,0.2,0.7,3.3,11.5,0.551,23.2,14.9,4.0,0.7,3.7,11.1,0.3,0.4,-2.5,0.0,0.7,0.104,0.0,.280,13,2009
Robin Lopez,PHO,60.0,7.0,10.2,0.518,0.0,0.522,0.518,0.691,2.0,0.1,0.2,0.7,3.2,11.6,0.566,12.1,11.2,1.8,0.9,4.9,14.0,0.6,0.4,-3.4,-0.2,1.1,0.083,0.0,.561,9,2009
Rodney Carney,MIN,67.0,6.0,17.9,0.416,0.35,0.492,0.509,0.758,1.9,0.4,0.7,0.4,7.2,12.1,0.532,9.1,6.1,3.6,2.0,1.9,18.6,0.7,0.8,-0.8,0.3,1.5,0.059,0.0,.293,11,2009
Rodney Stuckey,DET,79.0,65.0,31.9,0.439,0.295,0.453,0.452,0.803,3.5,4.9,1.0,0.1,13.4,14.8,0.508,9.8,6.5,26.1,1.7,0.3,23.0,1.7,2.2,-0.5,0.9,3.8,0.073,0.0,.476,8,2009
Roger Mason,SAS,82.0,71.0,30.4,0.425,0.421,0.428,0.526,0.89,3.1,2.1,0.5,0.1,11.8,11.9,0.554,11.1,6.0,11.1,0.9,0.4,18.9,1.9,2.9,-0.9,0.7,4.7,0.091,0.0,.659,4,2009
Roko Ukić,TOR,72.0,0.0,12.4,0.38,0.177,0.427,0.397,0.733,1.0,2.1,0.4,0.0,4.2,9.8,0.43,6.3,4.9,27.2,1.8,0.2,21.3,-0.8,0.4,-4.6,-0.6,-0.4,-0.019,0.0,.402,13,2009
Ronald Murray,ATL,80.0,2.0,24.7,0.447,0.36,0.485,0.501,0.76,2.1,2.0,1.1,0.2,12.2,14.7,0.543,8.7,5.0,14.0,2.4,0.7,24.3,1.2,2.0,-0.5,0.8,3.1,0.076,0.0,.573,4,2009
Ronnie Brewer,UTA,81.0,80.0,32.2,0.508,0.259,0.537,0.522,0.702,3.7,2.2,1.7,0.4,13.7,16.1,0.565,9.1,6.9,10.9,2.7,0.9,18.8,3.9,2.9,1.5,2.3,6.8,0.126,0.0,.585,8,2009
Ronnie Price,UTA,52.0,17.0,14.2,0.379,0.311,0.408,0.426,0.756,1.3,2.1,0.8,0.1,4.0,8.5,0.465,9.2,5.6,21.3,2.7,0.5,17.2,-0.7,0.8,-3.5,-0.3,0.1,0.009,0.0,.585,8,2009
Ronny Turiaf,GSW,79.0,26.0,21.5,0.508,0.0,0.512,0.508,0.79,4.6,2.1,0.4,2.1,5.9,14.5,0.559,17.4,11.6,13.9,1.0,6.9,12.4,2.2,1.4,1.2,1.4,3.6,0.101,0.0,.354,10,2009
Roy Hibbert,IND,70.0,42.0,14.4,0.471,0.0,0.471,0.471,0.667,3.5,0.7,0.3,1.1,7.1,16.1,0.51,14.1,13.3,7.9,1.0,5.6,23.3,1.0,1.2,-3.0,-0.3,2.1,0.102,0.0,.439,9,2009
Royal Ivey,PHI,71.0,0.0,12.1,0.332,0.342,0.319,0.425,0.791,1.1,0.6,0.5,0.1,3.0,7.6,0.465,8.0,5.3,7.4,2.2,0.7,13.2,0.2,0.8,-2.2,0.0,0.9,0.052,0.0,.500,6,2009
Rudy Fernández,POR,78.0,4.0,25.6,0.425,0.399,0.47,0.552,0.839,2.7,2.0,0.9,0.2,10.4,15.5,0.588,10.1,6.4,12.7,1.9,0.5,18.4,4.3,1.8,3.0,2.5,6.1,0.147,0.0,.659,3,2009
Rudy Gay,MEM,79.0,78.0,37.3,0.453,0.351,0.477,0.487,0.767,5.5,1.7,1.2,0.7,18.9,15.3,0.528,13.9,9.1,8.7,1.8,1.6,25.6,0.7,2.6,-1.1,0.7,3.3,0.054,0.0,.293,12,2009
Russell Westbrook,OKC,82.0,65.0,32.5,0.398,0.271,0.415,0.414,0.815,4.9,5.3,1.3,0.2,15.3,15.2,0.489,9.7,8.6,27.5,2.1,0.4,25.8,-0.1,2.0,-1.0,0.7,1.9,0.035,0.0,.280,13,2009
Ryan Anderson,BRK,66.0,30.0,19.9,0.393,0.365,0.417,0.478,0.845,4.7,0.8,0.7,0.3,7.4,13.6,0.532,19.0,14.1,6.4,1.8,1.2,18.6,1.3,1.2,-1.1,0.3,2.5,0.09,0.0,.415,11,2009
Ryan Bowen,NOP,21.0,3.0,10.4,0.579,0.0,0.579,0.579,0.6,1.1,0.4,0.7,0.2,2.2,10.8,0.585,7.7,6.6,6.5,3.5,1.9,9.9,0.2,0.3,-0.7,0.1,0.6,0.125,0.0,.598,7,2009
Ryan Gomes,MIN,82.0,76.0,31.9,0.431,0.372,0.456,0.486,0.807,4.8,1.6,0.8,0.3,13.3,12.5,0.518,13.3,8.8,8.7,1.3,0.6,20.4,1.3,1.3,-1.7,0.2,2.5,0.046,0.0,.293,11,2009
Ryan Hollins,DAL,45.0,3.0,9.9,0.532,0.0,0.532,0.532,0.597,2.2,0.2,0.2,0.7,3.2,12.9,0.569,13.4,12.9,2.5,0.8,5.7,15.7,0.5,0.6,-2.7,-0.1,1.0,0.11,0.0,.610,6,2009
Samuel Dalembert,PHI,82.0,82.0,24.8,0.498,0.0,0.5,0.498,0.734,8.5,0.2,0.4,1.8,6.4,13.2,0.535,28.9,20.6,1.4,0.9,5.8,13.6,0.5,3.5,-2.1,0.0,4.0,0.095,0.0,.500,6,2009
Sasha Pavlović,CLE,66.0,12.0,16.0,0.422,0.41,0.43,0.509,0.463,1.9,1.1,0.3,0.2,4.6,8.6,0.51,10.4,7.2,10.5,1.1,1.2,15.5,0.2,1.5,-2.1,0.0,1.7,0.077,0.0,.805,1,2009
Sasha Vujačić,LAL,80.0,0.0,16.2,0.387,0.363,0.416,0.488,0.921,1.7,1.4,1.0,0.1,5.8,12.6,0.531,10.0,5.9,12.2,3.0,0.4,16.0,1.8,1.9,0.8,0.9,3.7,0.138,0.0,.793,1,2009
Sean Marks,NOP,60.0,5.0,14.0,0.485,0.2,0.503,0.491,0.682,3.1,0.2,0.1,0.6,3.2,8.8,0.521,18.0,13.5,2.6,0.5,3.3,12.6,0.2,1.0,-4.8,-0.6,1.2,0.067,0.0,.598,7,2009
Sean May,CHO,24.0,12.0,12.5,0.398,1.0,0.392,0.403,0.7,2.9,0.4,0.2,0.2,3.9,6.2,0.435,20.0,14.2,5.6,0.9,1.1,20.8,-0.7,0.4,-7.4,-0.4,-0.3,-0.045,0.0,.427,10,2009
Sean Singletary,PHO,37.0,2.0,8.2,0.365,0.4,0.35,0.424,0.857,0.9,0.8,0.3,0.0,2.4,6.7,0.478,9.8,7.0,14.4,1.9,0.0,17.8,-0.2,0.2,-5.1,-0.2,0.0,0.006,0.0,.561,9,2009
Sean Williams,BRK,33.0,0.0,11.1,0.417,0.0,0.417,0.417,0.625,2.4,0.4,0.2,0.9,2.4,8.8,0.465,14.8,12.9,5.4,1.0,6.5,13.6,-0.1,0.4,-4.8,-0.3,0.3,0.036,0.0,.415,11,2009
Sebastian Telfair,MIN,75.0,43.0,27.9,0.383,0.346,0.399,0.435,0.819,1.7,4.6,1.0,0.2,9.8,10.8,0.481,5.5,3.5,26.1,1.8,0.4,19.6,0.0,0.8,-3.4,-0.7,0.8,0.019,0.0,.293,11,2009
Sergio Rodríguez,POR,80.0,13.0,15.3,0.392,0.325,0.428,0.448,0.792,1.6,3.6,0.7,0.0,4.4,12.5,0.491,9.0,6.6,35.6,2.4,0.1,18.5,0.5,1.2,-1.4,0.2,1.7,0.068,0.0,.659,3,2009
Shane Battier,HOU,60.0,59.0,33.8,0.41,0.384,0.462,0.538,0.821,4.8,2.3,0.8,0.9,7.3,10.7,0.568,12.9,8.2,10.0,1.3,1.9,9.9,2.3,2.9,2.0,2.0,5.2,0.123,0.0,.646,5,2009
Shannon Brown,LAL,48.0,0.0,9.9,0.473,0.378,0.5,0.515,0.821,0.9,0.8,0.5,0.1,4.2,12.9,0.554,8.1,5.5,13.7,2.5,1.2,21.4,0.1,0.6,-0.2,0.2,0.7,0.067,0.0,.793,1,2009
Shaquille O'Neal,PHO,75.0,75.0,30.0,0.609,0.0,0.61,0.609,0.595,8.4,1.7,0.7,1.4,17.8,22.3,0.623,22.3,16.4,8.9,1.1,3.5,24.2,5.6,2.2,1.7,2.1,7.8,0.166,0.0,.561,9,2009
Shaun Livingston,OKC,12.0,1.0,19.2,0.517,0.0,0.517,0.517,0.9,2.3,1.7,0.6,0.2,5.9,12.1,0.551,12.7,7.0,13.9,1.6,0.6,14.2,0.2,0.2,-2.5,0.0,0.4,0.074,0.0,.280,13,2009
Shavlik Randolph,POR,10.0,0.0,3.7,0.615,1.0,0.583,0.654,0.25,1.8,0.0,0.0,0.1,1.8,19.4,0.61,27.3,30.2,0.0,0.0,2.1,26.4,0.0,0.0,-3.8,0.0,0.0,0.041,0.0,.659,3,2009
Shawn Marion,TOR,69.0,68.0,35.8,0.485,0.189,0.506,0.491,0.796,8.5,2.0,1.3,1.0,12.9,16.0,0.522,19.7,14.2,9.3,1.9,2.1,18.1,2.1,3.1,0.3,1.4,5.2,0.101,0.0,.402,13,2009
Shawne Williams,DAL,15.0,0.0,11.3,0.286,0.059,0.385,0.295,0.818,3.1,0.1,0.1,0.6,2.8,7.5,0.345,18.1,15.5,1.7,0.6,3.9,17.8,-0.2,0.2,-6.5,-0.2,0.0,-0.012,0.0,.610,6,2009
Shelden Williams,SAC,45.0,0.0,11.4,0.446,0.0,0.452,0.446,0.73,3.4,0.3,0.5,0.4,4.1,13.7,0.503,24.3,17.5,3.8,2.2,2.7,19.2,0.0,0.5,-3.5,-0.2,0.5,0.048,0.0,.207,15,2009
Solomon Jones,ATL,63.0,0.0,10.7,0.604,0.5,0.606,0.608,0.716,2.3,0.2,0.1,0.5,3.0,12.0,0.655,15.6,12.3,3.4,0.6,3.9,11.8,1.2,0.7,-2.7,-0.1,1.9,0.138,0.0,.573,4,2009
Sonny Weems,DEN,12.0,0.0,4.6,0.32,0.0,0.364,0.32,0.375,0.3,0.2,0.1,0.0,1.6,-3.9,0.333,8.2,4.2,8.7,0.9,0.0,27.9,-0.3,0.0,-18.9,-0.2,-0.3,-0.255,0.0,.659,2,2009
Speedy Claxton,ATL,2.0,0.0,7.5,0.286,0.0,0.286,0.286,0.5,0.0,1.5,0.0,0.0,2.5,5.7,0.317,0.0,0.0,32.4,0.0,0.0,24.6,0.0,0.0,-9.0,0.0,0.0,-0.083,0.0,.573,4,2009
Spencer Hawes,SAC,77.0,51.0,29.3,0.466,0.348,0.486,0.491,0.662,7.1,1.9,0.6,1.2,11.4,13.0,0.509,20.9,14.2,11.3,1.0,3.1,20.2,-0.4,1.2,-3.0,-0.6,0.8,0.016,0.0,.207,15,2009
Stephen Graham,IND,52.0,6.0,13.2,0.414,0.303,0.453,0.453,0.806,1.8,0.6,0.2,0.1,5.4,8.5,0.498,12.2,7.7,7.3,0.7,0.4,20.9,-0.4,0.4,-6.0,-0.7,0.0,0.001,0.0,.439,9,2009
Stephen Jackson,GSW,59.0,59.0,39.6,0.414,0.338,0.448,0.466,0.826,5.1,6.5,1.5,0.5,20.7,16.1,0.53,10.8,7.1,25.6,1.8,0.9,25.2,1.5,0.7,-0.3,1.0,2.2,0.045,0.0,.354,10,2009
Stephon Marbury,BOS,23.0,4.0,18.0,0.342,0.24,0.372,0.369,0.462,1.2,3.3,0.4,0.1,3.8,4.4,0.377,7.3,4.1,26.6,1.3,0.6,17.3,-0.9,0.5,-6.1,-0.4,-0.3,-0.038,0.0,.756,2,2009
Steve Blake,POR,69.0,69.0,31.7,0.428,0.427,0.429,0.536,0.84,2.5,5.0,1.0,0.1,11.0,14.4,0.557,8.4,4.9,25.1,1.7,0.1,17.0,4.1,1.7,1.5,1.9,5.8,0.128,0.0,.659,3,2009
Steve Nash,PHO,74.0,74.0,33.6,0.503,0.439,0.529,0.566,0.933,3.0,9.7,0.7,0.1,15.7,19.5,0.615,9.2,5.2,42.4,1.1,0.3,21.1,6.7,0.5,2.4,2.8,7.3,0.14,0.0,.561,9,2009
Steve Novak,LAC,71.0,3.0,16.4,0.444,0.416,0.518,0.595,0.913,1.8,0.6,0.3,0.1,6.9,13.5,0.606,10.9,6.2,5.8,0.9,0.3,16.8,2.0,0.2,-0.4,0.5,2.2,0.092,0.0,.232,14,2009
Steven Hill,OKC,1.0,0.0,2.0,1.0,0.0,1.0,1.0,0.0,3.0,0.0,0.0,0.0,2.0,88.3,1.0,58.6,86.4,0.0,0.0,0.0,22.1,0.0,0.0,29.2,0.0,0.0,0.873,0.0,.280,13,2009
Stromile Swift,PHO,19.0,0.0,9.7,0.429,1.0,0.418,0.438,0.5,2.4,0.2,0.2,0.4,3.3,6.8,0.46,18.6,14.6,2.4,1.1,3.3,20.3,-0.3,0.2,-9.5,-0.4,-0.1,-0.033,0.0,.561,9,2009
Sun Yue,LAL,10.0,0.0,2.8,0.273,0.0,0.6,0.273,0.0,0.0,0.2,0.1,0.1,0.6,-8.6,0.273,0.0,0.0,9.8,1.8,2.8,22.0,-0.2,0.0,-19.4,-0.1,-0.1,-0.226,0.0,.793,1,2009
T.J. Ford,IND,74.0,49.0,30.5,0.452,0.337,0.467,0.472,0.872,3.5,5.3,1.2,0.2,14.9,16.6,0.533,9.8,6.3,27.6,2.0,0.5,23.5,2.6,1.7,0.3,1.3,4.3,0.092,0.0,.439,9,2009
Tarence Kinsey,CLE,50.0,3.0,5.5,0.449,0.389,0.471,0.5,0.868,0.8,0.2,0.2,0.0,2.0,11.0,0.595,11.6,8.2,5.5,2.3,0.0,18.3,0.2,0.5,-3.2,-0.1,0.6,0.105,0.0,.805,1,2009
Tayshaun Prince,DET,82.0,82.0,37.3,0.45,0.397,0.458,0.477,0.778,5.8,3.1,0.5,0.6,14.2,15.0,0.516,13.7,9.2,13.8,0.8,1.3,19.2,3.7,2.5,1.2,2.5,6.2,0.098,0.0,.476,8,2009
Thabo Sefolosha,OKC,66.0,36.0,22.0,0.426,0.276,0.474,0.459,0.836,3.7,1.7,1.1,0.7,5.9,12.1,0.5,14.9,9.6,11.4,2.7,2.3,13.8,0.4,1.8,0.8,1.0,2.2,0.074,0.0,.280,13,2009
Thaddeus Young,PHI,75.0,71.0,34.4,0.495,0.341,0.526,0.524,0.735,5.0,1.1,1.3,0.3,15.3,15.3,0.549,11.1,8.8,5.8,2.1,0.7,20.5,3.0,2.5,-0.1,1.2,5.5,0.102,0.0,.500,6,2009
Theo Ratliff,PHI,46.0,0.0,12.6,0.531,0.0,0.531,0.531,0.6,2.8,0.2,0.4,1.0,1.9,11.2,0.56,17.1,13.2,2.2,1.6,6.6,7.4,0.5,0.9,-0.4,0.2,1.4,0.115,0.0,.500,6,2009
Thomas Gardner,ATL,16.0,0.0,6.1,0.25,0.174,0.385,0.306,0.5,0.4,0.1,0.2,0.1,1.5,1.5,0.318,8.4,4.2,3.1,2.2,0.8,19.5,-0.3,0.1,-8.5,-0.2,-0.2,-0.12,0.0,.573,4,2009
Tim Duncan,SAS,75.0,75.0,33.7,0.504,0.0,0.505,0.504,0.692,10.7,3.5,0.5,1.7,19.3,24.4,0.549,27.9,18.9,19.3,0.8,3.7,28.5,5.0,5.0,5.4,4.7,10.1,0.191,0.002,.659,4,2009
Tim Thomas,NYK,64.0,6.0,19.5,0.432,0.413,0.446,0.521,0.736,3.1,1.1,0.5,0.2,8.5,12.2,0.555,14.6,9.0,8.6,1.2,0.6,19.9,0.9,0.8,-1.3,0.2,1.7,0.065,0.0,.390,14,2009
Tony Allen,BOS,46.0,2.0,19.3,0.482,0.222,0.51,0.493,0.725,2.3,1.4,1.2,0.5,7.8,12.9,0.541,10.7,7.1,12.0,3.2,2.1,21.5,-0.2,1.8,0.1,0.5,1.6,0.085,0.0,.756,2,2009
Tony Battie,ORL,77.0,3.0,15.6,0.489,0.222,0.497,0.492,0.659,3.6,0.4,0.3,0.3,4.8,11.9,0.518,17.0,13.0,4.2,1.1,1.5,15.6,0.7,2.1,-1.6,0.1,2.8,0.113,0.0,.720,3,2009
Tony Parker,SAS,72.0,71.0,34.1,0.506,0.292,0.518,0.513,0.782,3.1,6.9,0.9,0.1,22.0,23.4,0.556,9.4,5.4,40.1,1.5,0.1,31.7,5.6,3.0,3.6,3.5,8.6,0.168,0.007,.659,4,2009
Tracy McGrady,HOU,35.0,35.0,33.7,0.388,0.376,0.391,0.433,0.801,4.4,5.0,1.2,0.4,15.6,16.3,0.492,12.7,7.6,25.2,1.9,0.9,24.5,0.9,1.8,2.3,1.3,2.7,0.108,0.0,.646,5,2009
Travis Diener,IND,55.0,0.0,13.1,0.413,0.39,0.459,0.542,0.8,1.6,2.2,0.5,0.1,3.7,13.7,0.555,12.4,6.6,23.9,1.8,0.5,12.5,1.3,0.6,0.9,0.5,1.9,0.125,0.0,.439,9,2009
Travis Outlaw,POR,81.0,6.0,27.7,0.453,0.377,0.482,0.505,0.723,4.1,1.0,0.6,0.7,12.8,15.1,0.541,14.6,9.1,6.3,1.2,2.0,22.0,3.0,2.3,0.2,1.2,5.3,0.113,0.0,.659,3,2009
Trenton Hassell,BRK,53.0,31.0,20.6,0.45,0.25,0.459,0.455,0.8,2.8,1.0,0.4,0.3,3.7,7.2,0.48,10.6,7.9,7.1,1.0,1.2,9.9,0.2,0.4,-3.6,-0.4,0.7,0.029,0.0,.415,11,2009
Trevor Ariza,LAL,82.0,20.0,24.4,0.46,0.319,0.526,0.511,0.71,4.3,1.8,1.7,0.3,8.9,15.5,0.544,13.4,10.0,10.4,3.5,0.9,16.6,2.5,3.5,2.4,2.3,6.1,0.146,0.0,.793,1,2009
Trey Johnson,CLE,4.0,0.0,3.5,0.0,0.0,0.0,0.0,1.0,0.2,0.0,0.0,0.0,1.0,-9.3,0.296,8.2,4.3,0.0,0.0,0.0,26.2,-0.1,0.0,-23.2,-0.1,-0.1,-0.205,0.0,.805,1,2009
Troy Murphy,IND,73.0,73.0,34.0,0.475,0.45,0.496,0.58,0.826,11.8,2.4,0.8,0.5,14.3,17.8,0.614,32.0,19.1,10.4,1.2,1.0,16.9,5.2,3.4,3.2,3.3,8.5,0.165,0.0,.439,9,2009
Tyronn Lue,ORL,44.0,0.0,11.8,0.438,0.435,0.44,0.522,0.737,1.0,1.4,0.2,0.0,4.2,10.3,0.537,9.2,5.2,18.6,0.8,0.0,16.8,0.5,0.4,-0.9,0.1,0.8,0.078,0.0,.720,3,2009
Tyrus Thomas,CHI,79.0,61.0,27.5,0.451,0.333,0.453,0.453,0.783,6.4,1.0,1.2,1.9,10.8,15.9,0.525,18.9,13.4,5.5,2.2,5.1,19.4,1.2,3.4,0.0,1.1,4.6,0.101,0.0,.500,7,2009
Tyson Chandler,NOP,45.0,45.0,32.1,0.565,0.0,0.565,0.565,0.579,8.7,0.5,0.3,1.2,8.8,13.4,0.581,19.2,16.4,2.4,0.6,3.3,13.7,1.7,1.7,-2.5,-0.2,3.4,0.114,0.0,.598,7,2009
Udonis Haslem,MIA,75.0,75.0,34.1,0.518,0.0,0.518,0.518,0.753,8.2,1.1,0.6,0.3,10.6,13.1,0.553,21.2,14.4,5.3,0.9,0.8,14.7,3.0,2.6,-2.3,-0.2,5.7,0.106,0.0,.524,5,2009
Vince Carter,BRK,80.0,80.0,36.8,0.437,0.385,0.459,0.493,0.817,5.1,4.7,1.0,0.5,20.8,19.3,0.545,13.8,8.3,23.7,1.5,1.1,26.8,5.7,1.8,2.4,3.3,7.5,0.123,0.0,.415,11,2009
Vladimir Radmanović,LAL,78.0,31.0,18.5,0.421,0.401,0.446,0.533,0.741,2.8,1.0,0.6,0.2,6.9,11.0,0.549,14.3,9.1,8.9,1.7,0.8,18.6,0.0,1.8,-0.7,0.5,1.9,0.062,0.0,.793,1,2009
Von Wafer,HOU,63.0,11.0,19.4,0.447,0.39,0.474,0.51,0.752,1.8,1.1,0.6,0.1,9.7,14.7,0.541,8.6,5.4,10.3,1.7,0.5,23.6,1.1,1.6,0.2,0.7,2.6,0.103,0.0,.646,5,2009
Wally Szczerbiak,CLE,74.0,5.0,20.6,0.45,0.411,0.478,0.536,0.849,3.1,1.1,0.4,0.1,7.0,12.1,0.581,14.2,9.0,8.3,1.0,0.5,15.4,2.3,2.2,0.1,0.8,4.5,0.14,0.0,.805,1,2009
Walter Herrmann,DET,59.0,0.0,10.7,0.396,0.342,0.471,0.495,0.76,1.8,0.4,0.1,0.1,3.8,11.4,0.514,15.1,10.1,5.6,0.6,0.5,17.8,0.5,0.5,-1.4,0.1,1.0,0.074,0.0,.476,8,2009
Walter Sharpe,DET,8.0,0.0,2.5,0.364,0.0,0.444,0.364,0.0,0.4,0.0,0.0,0.2,1.0,4.8,0.337,18.0,8.9,0.0,0.0,7.7,28.3,-0.1,0.0,-10.1,0.0,-0.1,-0.131,0.0,.476,8,2009
Will Bynum,DET,57.0,1.0,14.1,0.456,0.158,0.474,0.461,0.798,1.3,2.8,0.6,0.0,7.2,17.4,0.52,8.4,5.5,35.3,2.3,0.2,27.9,0.5,0.8,0.1,0.4,1.3,0.078,0.0,.476,8,2009
Will Solomon,TOR,53.0,9.0,13.4,0.429,0.326,0.484,0.486,0.735,1.2,2.5,0.5,0.1,5.0,12.5,0.506,8.5,5.3,30.0,2.0,0.4,20.2,0.1,0.4,-1.9,0.0,0.5,0.033,0.0,.402,13,2009
Willie Green,PHI,81.0,60.0,22.6,0.435,0.317,0.473,0.473,0.729,1.6,2.0,0.7,0.2,8.5,11.1,0.493,6.4,4.1,14.4,1.5,0.6,18.9,1.1,1.2,-2.1,0.0,2.3,0.06,0.0,.500,6,2009
Wilson Chandler,NYK,82.0,70.0,33.4,0.432,0.328,0.476,0.481,0.795,5.4,2.1,0.9,0.9,14.4,12.9,0.515,14.7,8.9,9.9,1.3,2.0,20.5,1.0,2.1,-1.0,0.7,3.1,0.054,0.0,.390,14,2009
Yakhouba Diawara,MIA,63.0,21.0,13.5,0.35,0.313,0.463,0.468,0.526,1.3,0.4,0.2,0.1,3.4,6.4,0.473,7.9,5.8,4.7,0.8,0.6,13.3,0.1,0.4,-4.2,-0.5,0.5,0.029,0.0,.524,5,2009
Yao Ming,HOU,77.0,77.0,33.6,0.548,1.0,0.548,0.549,0.866,9.9,1.8,0.4,1.9,19.7,22.7,0.618,24.1,17.1,10.0,0.6,4.2,26.2,5.6,5.0,3.1,3.3,10.6,0.196,0.001,.646,5,2009
Yi Jianlian,BRK,61.0,52.0,23.3,0.382,0.343,0.397,0.43,0.772,5.3,1.0,0.5,0.6,8.6,10.9,0.474,22.0,13.7,7.0,1.1,2.1,20.5,-0.5,1.3,-3.8,-0.7,0.7,0.024,0.0,.415,11,2009
Zach Randolph,NYK,50.0,45.0,35.1,0.475,0.33,0.494,0.494,0.734,10.1,2.1,0.9,0.3,20.8,19.7,0.531,23.2,16.3,11.5,1.3,0.7,28.1,1.7,1.4,0.1,0.9,3.0,0.083,0.0,.390,14,2009
Zaza Pachulia,ATL,77.0,26.0,19.1,0.497,0.0,0.502,0.497,0.709,5.7,0.7,0.5,0.3,6.2,14.1,0.571,20.9,17.4,6.0,1.3,1.4,16.3,2.0,1.9,-2.6,-0.2,3.9,0.127,0.0,.573,4,2009
Zydrunas Ilgauskas,CLE,65.0,65.0,27.2,0.472,0.385,0.477,0.483,0.799,7.5,1.0,0.4,1.3,12.9,18.0,0.523,21.6,16.5,6.4,0.9,3.8,23.8,2.1,3.5,-0.3,0.8,5.6,0.151,0.0,.805,1,2009
